Rank,Seq Codes,Divisor,Bypass,c>7,A1 Wait,Always Bet,Div<1,Loss Limit,Files,Success Rate,Turnover,Balance,Profit/Loss
1,"Standard (3, 4, 2)",8,Dis,Ena,Dis,Dis,Dis,150,169,94.1%,29205,786,141
2,"Standard (3, 4, 2)",8,Ena,Ena,Dis,Dis,Dis,150,169,94.1%,29205,786,140
3,"Standard (3, 4, 2)",16,Ena,Ena,Ena,Dis,Dis,0,169,96.4%,15098,744,134
4,"Standard (3, 4, 2)",16,Dis,Ena,Ena,Dis,Dis,0,169,96.4%,15098,744,134
5,"Standard (3, 4, 2)",16,Ena,Ena,Ena,Ena,Dis,0,169,96.4%,15154,742,132
6,"Standard (3, 4, 2)",16,Dis,Ena,Ena,Ena,Dis,0,169,96.4%,15154,742,132
7,"Standard (3, 4, 2)",8,Ena,Ena,Dis,Ena,Dis,150,169,92.9%,30448,710,120
8,"Standard (3, 4, 2)",8,Dis,Ena,Dis,Ena,Dis,150,169,92.9%,30448,710,120
9,"Standard (3, 4, 2)",16,Ena,Ena,Dis,Dis,Ena,150,169,92.9%,25903,671,115
10,"Alternative (8, 44, 10)",32,Dis,Ena,Ena,Dis,Ena,0,169,76.9%,65867,681,105
11,"Alternative (8, 44, 10)",32,Dis,Ena,Ena,Dis,Ena,200,169,76.9%,65867,681,105
12,"Standard (3, 4, 2)",16,Ena,Ena,Dis,Ena,Ena,150,169,92.3%,26275,623,102
13,"Standard (3, 4, 2)",16,Dis,Ena,Dis,Ena,Ena,150,169,92.3%,26275,623,102
14,"Alternative (8, 44, 10)",32,Dis,Dis,Ena,Dis,Ena,200,169,77.5%,67003,657,100
15,"Standard (3, 4, 2)",8,Dis,Ena,Dis,Dis,Dis,200,169,94.1%,29381,610,97
16,"Standard (3, 4, 2)",8,Ena,Ena,Dis,Dis,Dis,200,169,94.1%,29381,610,96
17,"Standard (3, 4, 2)",8,Ena,Ena,Dis,Dis,Dis,100,169,93.5%,28101,558,83
18,"Standard (3, 4, 2)",8,Dis,Ena,Dis,Dis,Ena,200,169,94.1%,29913,555,83
19,"Standard (3, 4, 2)",8,Ena,Ena,Dis,Dis,Ena,200,169,94.1%,29887,554,82
20,"Standard (3, 4, 2)",16,Ena,Dis,Dis,Dis,Dis,150,169,68.0%,107245,586,80
21,"Standard (3, 4, 2)",32,Ena,Dis,Dis,Dis,Ena,150,169,68.0%,103045,583,78
22,"Standard (3, 4, 2)",32,Ena,Dis,Dis,Dis,Dis,150,169,68.0%,103029,581,78
23,"Standard (3, 4, 2)",8,Dis,Ena,Dis,Ena,Dis,200,169,92.9%,30624,534,76
24,"Standard (3, 4, 2)",8,Ena,Ena,Dis,Ena,Dis,200,169,92.9%,30624,534,76
25,"Standard (3, 4, 2)",8,Ena,Ena,Ena,Dis,Dis,100,169,96.4%,12340,499,74
26,"Standard (3, 4, 2)",32,Dis,Dis,Dis,Dis,Dis,150,169,68.0%,102965,564,74
27,"Standard (3, 4, 2)",8,Ena,Ena,Ena,Ena,Dis,100,169,96.4%,12415,499,73
28,"Standard (3, 4, 2)",8,Dis,Ena,Ena,Ena,Dis,100,169,96.4%,12415,499,73
29,"Standard (3, 4, 2)",8,Dis,Ena,Ena,Ena,Ena,50,169,96.4%,11772,497,72
30,"Standard (3, 4, 2)",8,Ena,Ena,Ena,Ena,Ena,50,169,96.4%,11772,497,72
31,"Standard (3, 4, 2)",8,Dis,Ena,Ena,Ena,Dis,50,169,96.4%,11772,497,72
32,"Standard (3, 4, 2)",8,Dis,Ena,Ena,Dis,Ena,100,169,96.4%,12348,491,72
33,"Standard (3, 4, 2)",8,Ena,Ena,Ena,Ena,Dis,50,169,96.4%,11772,497,72
34,"Standard (3, 4, 2)",8,Ena,Ena,Dis,Dis,Ena,100,169,93.5%,27975,504,70
35,"Standard (3, 4, 2)",16,Dis,Ena,Dis,Dis,Ena,200,169,92.9%,26387,484,69
36,"Standard (3, 4, 2)",8,Dis,Ena,Ena,Dis,Ena,50,169,96.4%,11781,476,68
37,"Standard (3, 4, 2)",8,Dis,Ena,Ena,Dis,Dis,50,169,96.4%,11781,476,68
38,"Standard (3, 4, 2)",8,Ena,Ena,Ena,Dis,Ena,50,169,96.4%,11781,476,68
39,"Standard (3, 4, 2)",8,Ena,Ena,Ena,Dis,Dis,50,169,96.4%,11781,476,68
40,"Standard (3, 4, 2)",8,Ena,Ena,Ena,Dis,Ena,100,169,96.4%,12381,473,67
41,"Standard (3, 4, 2)",8,Dis,Ena,Ena,Dis,Dis,100,169,96.4%,12372,467,66
42,"Standard (3, 4, 2)",8,Ena,Ena,Ena,Ena,Ena,100,169,96.4%,12447,467,65
43,"Standard (3, 4, 2)",8,Dis,Ena,Ena,Ena,Ena,100,169,96.4%,12447,467,65
44,"Standard (3, 4, 2)",8,Dis,Ena,Dis,Ena,Ena,200,169,92.9%,31156,479,62
45,"Standard (3, 4, 2)",8,Ena,Ena,Dis,Ena,Ena,200,169,92.9%,31156,479,62
46,"Standard (3, 4, 2)",8,Ena,Ena,Dis,Dis,Dis,0,169,94.1%,29909,460,58
47,"Standard (3, 4, 2)",16,Ena,Ena,Dis,Dis,Ena,200,169,92.9%,26143,431,55
48,"Standard (3, 4, 2)",8,Dis,Ena,Dis,Dis,Dis,0,169,94.1%,29733,438,54
49,"Alternative (8, 44, 10)",32,Dis,Dis,Ena,Dis,Ena,0,169,77.5%,67195,465,52
50,"Standard (3, 4, 2)",32,Dis,Dis,Dis,Ena,Ena,150,169,68.0%,103881,467,51
51,"Standard (3, 4, 2)",32,Dis,Dis,Dis,Ena,Dis,150,169,68.0%,103865,465,51
52,"Standard (3, 4, 2)",32,Ena,Dis,Dis,Ena,Dis,150,169,68.0%,103865,465,51
53,"Standard (3, 4, 2)",32,Ena,Dis,Dis,Ena,Ena,150,169,68.0%,103881,467,51
54,"Standard (3, 4, 2)",16,Ena,Ena,Dis,Dis,Dis,100,169,92.3%,24663,402,48
55,"Standard (3, 4, 2)",16,Dis,Dis,Dis,Ena,Dis,150,169,68.0%,108169,463,46
56,"Standard (3, 4, 2)",16,Ena,Dis,Dis,Ena,Dis,150,169,68.0%,108169,463,46
57,"Standard (3, 4, 2)",16,Dis,Ena,Dis,Ena,Ena,200,169,92.3%,26515,383,42
58,"Standard (3, 4, 2)",16,Ena,Ena,Dis,Ena,Ena,200,169,92.3%,26515,383,42
59,"Standard (3, 4, 2)",32,Ena,Ena,Dis,Dis,Dis,100,169,91.7%,21583,383,42
60,"Standard (3, 4, 2)",32,Dis,Ena,Dis,Ena,Dis,100,169,91.7%,21855,381,41
61,"Standard (3, 4, 2)",32,Ena,Ena,Dis,Ena,Dis,100,169,91.7%,21855,381,41
62,"Standard (3, 4, 2)",16,Ena,Ena,Dis,Dis,Dis,0,169,92.9%,26867,373,40
63,"Standard (3, 4, 2)",32,Dis,Ena,Dis,Dis,Ena,100,169,91.7%,21735,375,39
64,"Standard (3, 4, 2)",8,Dis,Ena,Dis,Ena,Dis,0,169,92.9%,31152,384,38
65,"Standard (3, 4, 2)",8,Ena,Ena,Dis,Ena,Dis,0,169,92.9%,31152,384,38
66,"Standard (3, 4, 2)",16,Dis,Ena,Dis,Dis,Dis,0,169,92.9%,26971,359,37
67,"Standard (3, 4, 2)",8,Dis,Ena,Dis,Dis,Ena,0,169,94.1%,30105,363,35
68,"Standard (3, 4, 2)",16,Dis,Ena,Dis,Ena,Dis,100,169,91.7%,25035,354,35
69,"Standard (3, 4, 2)",16,Ena,Ena,Dis,Ena,Dis,100,169,91.7%,25035,354,35
70,"Standard (3, 4, 2)",32,Ena,Ena,Dis,Dis,Ena,100,169,91.7%,21615,351,34
71,"Standard (3, 4, 2)",8,Ena,Ena,Dis,Dis,Ena,0,169,94.1%,30079,362,34
72,"Standard (3, 4, 2)",32,Dis,Dis,Dis,Dis,Ena,150,169,68.0%,103309,400,33
73,"Standard (3, 4, 2)",32,Dis,Ena,Dis,Dis,Dis,100,169,91.7%,21759,351,33
74,"Standard (3, 4, 2)",32,Ena,Ena,Dis,Ena,Ena,100,169,91.7%,21887,349,33
75,"Standard (3, 4, 2)",32,Dis,Ena,Dis,Ena,Ena,100,169,91.7%,21887,349,33
76,"Standard (3, 4, 2)",16,Ena,Ena,Dis,Ena,Dis,0,169,92.3%,27239,325,27
77,"Standard (3, 4, 2)",16,Dis,Ena,Dis,Ena,Dis,0,169,92.3%,27239,325,27
78,"Standard (3, 4, 2)",8,Dis,Ena,Ena,Dis,Dis,150,169,96.4%,12724,295,23
79,"Standard (3, 4, 2)",16,Ena,Ena,Dis,Dis,Ena,0,169,92.9%,26271,303,23
80,"Alternative (8, 44, 10)",32,Ena,Ena,Ena,Ena,Dis,0,169,76.3%,68129,312,17
81,"Alternative (8, 44, 10)",32,Dis,Ena,Ena,Ena,Dis,0,169,76.3%,68129,312,17
82,"Standard (3, 4, 2)",8,Dis,Ena,Dis,Ena,Ena,0,169,92.9%,31348,287,14
83,"Standard (3, 4, 2)",8,Ena,Ena,Dis,Ena,Ena,0,169,92.9%,31348,287,14
84,"Standard (3, 4, 2)",8,Ena,Ena,Ena,Dis,Dis,150,169,96.4%,12964,253,12
85,"Standard (3, 4, 2)",8,Dis,Ena,Ena,Ena,Dis,150,169,96.4%,13039,253,11
86,"Standard (3, 4, 2)",8,Ena,Ena,Ena,Ena,Dis,150,169,96.4%,13039,253,11
87,"Standard (3, 4, 2)",16,Dis,Ena,Dis,Ena,Ena,0,169,92.3%,26643,255,10
88,"Standard (3, 4, 2)",16,Ena,Ena,Dis,Ena,Ena,0,169,92.3%,26643,255,10
89,"Standard (3, 4, 2)",16,Ena,Ena,Dis,Dis,Ena,50,169,90.5%,21764,205,-2
90,"Standard (3, 4, 2)",16,Ena,Ena,Dis,Dis,Dis,50,169,90.5%,21764,205,-2
91,"Alternative (8, 44, 10)",32,Ena,Ena,Ena,Dis,Dis,0,169,76.9%,66565,250,-2
92,"Standard (3, 4, 2)",16,Dis,Ena,Dis,Dis,Ena,0,169,92.9%,26675,196,-3
93,"Standard (3, 4, 2)",32,Dis,Ena,Dis,Dis,Dis,50,169,90.5%,20564,160,-15
94,"Standard (3, 4, 2)",32,Dis,Ena,Dis,Dis,Ena,50,169,90.5%,20564,160,-15
95,"Standard (3, 4, 2)",32,Ena,Ena,Dis,Dis,Dis,50,169,90.5%,20604,147,-17
96,"Standard (3, 4, 2)",32,Ena,Ena,Dis,Dis,Ena,50,169,90.5%,20604,147,-17
97,"Alternative (8, 44, 10)",32,Dis,Ena,Ena,Dis,Dis,0,169,76.9%,66109,193,-18
98,"Standard (3, 4, 2)",8,Dis,Ena,Ena,Dis,Ena,150,169,96.4%,13068,131,-18
99,"Standard (3, 4, 2)",8,Dis,Ena,Dis,Dis,Dis,100,169,92.9%,27162,129,-23
100,"Standard (3, 4, 2)",8,Ena,Ena,Ena,Dis,Ena,150,169,96.4%,13501,109,-24
101,"Standard (3, 4, 2)",8,Dis,Ena,Ena,Ena,Ena,150,169,96.4%,13567,103,-26
102,"Standard (3, 4, 2)",8,Ena,Ena,Ena,Ena,Ena,150,169,96.4%,13567,103,-26
103,"Standard (3, 4, 2)",16,Dis,Ena,Dis,Ena,Ena,50,169,89.9%,21972,96,-31
104,"Standard (3, 4, 2)",16,Ena,Ena,Dis,Ena,Ena,50,169,89.9%,21972,96,-31
105,"Standard (3, 4, 2)",16,Ena,Ena,Dis,Ena,Dis,50,169,89.9%,21972,96,-31
106,"Standard (3, 4, 2)",8,Ena,Ena,Ena,Dis,Dis,200,169,96.4%,13228,79,-31
107,"Standard (3, 4, 2)",16,Dis,Ena,Dis,Ena,Dis,50,169,89.9%,21972,96,-31
108,"Standard (3, 4, 2)",8,Dis,Ena,Ena,Ena,Dis,200,169,96.4%,13303,79,-32
109,"Standard (3, 4, 2)",8,Ena,Ena,Ena,Ena,Dis,200,169,96.4%,13303,79,-32
110,"Standard (3, 4, 2)",16,Ena,Ena,Ena,Dis,Ena,150,169,95.9%,13574,72,-34
111,"Standard (3, 4, 2)",16,Ena,Ena,Ena,Ena,Ena,150,169,95.9%,13630,70,-36
112,"Standard (3, 4, 2)",16,Dis,Ena,Ena,Ena,Ena,150,169,95.9%,13630,70,-36
113,"Standard (3, 4, 2)",8,Dis,Ena,Dis,Dis,Ena,100,169,92.9%,27218,73,-37
114,"Alternative (8, 44, 10)",32,Dis,Dis,Ena,Ena,Dis,0,169,76.9%,70748,110,-38
115,"Alternative (8, 44, 10)",32,Ena,Dis,Ena,Ena,Dis,0,169,76.9%,70748,110,-38
116,"Standard (3, 4, 2)",16,Dis,Ena,Ena,Dis,Ena,50,169,94.7%,10090,58,-38
117,"Standard (3, 4, 2)",16,Dis,Ena,Ena,Dis,Dis,50,169,94.7%,10090,58,-38
118,"Standard (3, 4, 2)",32,Dis,Dis,Ena,Dis,Dis,150,169,74.6%,78643,101,-38
119,"Standard (3, 4, 2)",8,Dis,Ena,Dis,Dis,Ena,150,169,93.5%,28689,69,-38
120,"Standard (3, 4, 2)",32,Ena,Dis,Ena,Dis,Dis,150,169,74.6%,78647,97,-38
121,"Standard (3, 4, 2)",32,Ena,Dis,Ena,Dis,Ena,150,169,74.6%,78819,96,-38
122,"Standard (3, 4, 2)",32,Dis,Dis,Ena,Dis,Ena,150,169,74.6%,78815,100,-38
123,"Standard (3, 4, 2)",8,Ena,Ena,Dis,Dis,Ena,150,169,93.5%,28663,68,-39
124,"Standard (3, 4, 2)",32,Dis,Ena,Dis,Ena,Ena,50,169,90.5%,20812,56,-40
125,"Standard (3, 4, 2)",32,Dis,Ena,Dis,Ena,Dis,50,169,90.5%,20812,56,-40
126,"Standard (3, 4, 2)",32,Ena,Ena,Dis,Ena,Ena,50,169,90.5%,20812,56,-40
127,"Standard (3, 4, 2)",32,Ena,Ena,Dis,Ena,Dis,50,169,90.5%,20812,56,-40
128,"Standard (3, 4, 2)",16,Ena,Ena,Ena,Dis,Ena,50,169,94.7%,10102,46,-41
129,"Standard (3, 4, 2)",16,Ena,Ena,Ena,Dis,Dis,50,169,94.7%,10102,46,-41
130,"Standard (3, 4, 2)",16,Dis,Ena,Dis,Dis,Ena,150,169,92.3%,25341,45,-41
131,"Standard (3, 4, 2)",16,Dis,Ena,Ena,Ena,Dis,50,169,94.7%,10158,44,-43
132,"Standard (3, 4, 2)",16,Ena,Ena,Ena,Ena,Ena,50,169,94.7%,10158,44,-43
133,"Standard (3, 4, 2)",16,Dis,Ena,Ena,Ena,Ena,50,169,94.7%,10158,44,-43
134,"Standard (3, 4, 2)",16,Ena,Ena,Ena,Ena,Dis,50,169,94.7%,10158,44,-43
135,"Standard (3, 4, 2)",8,Dis,Ena,Dis,Ena,Ena,150,169,92.3%,29944,8,-55
136,"Standard (3, 4, 2)",8,Ena,Ena,Dis,Ena,Ena,150,169,92.3%,29944,8,-55
137,"Alternative (8, 44, 10)",32,Dis,Ena,Ena,Ena,Ena,200,169,75.7%,67442,19,-56
138,"Alternative (8, 44, 10)",32,Ena,Ena,Ena,Ena,Ena,200,169,75.7%,67442,19,-56
139,"Standard (3, 4, 2)",16,Dis,Ena,Dis,Dis,Ena,50,169,89.9%,21329,-17,-57
140,"Standard (3, 4, 2)",16,Dis,Ena,Dis,Dis,Dis,50,169,89.9%,21329,-17,-57
141,"Standard (3, 4, 2)",16,Dis,Ena,Dis,Dis,Dis,100,169,91.7%,24017,-41,-62
142,"Standard (3, 4, 2)",32,Ena,Dis,Ena,Ena,Ena,150,169,74.6%,79287,-39,-67
143,"Standard (3, 4, 2)",32,Ena,Dis,Ena,Ena,Dis,150,169,74.6%,79115,-38,-67
144,"Standard (3, 4, 2)",32,Dis,Ena,Ena,Dis,Ena,50,169,94.7%,9846,-58,-67
145,"Standard (3, 4, 2)",32,Dis,Ena,Ena,Dis,Dis,50,169,94.7%,9846,-58,-67
146,"Standard (3, 4, 2)",32,Dis,Dis,Ena,Ena,Ena,150,169,74.6%,79287,-39,-67
147,"Standard (3, 4, 2)",32,Dis,Dis,Ena,Ena,Dis,150,169,74.6%,79115,-38,-67
148,"Standard (3, 4, 2)",16,Dis,Ena,Dis,Dis,Ena,100,169,91.7%,24349,-58,-67
149,"Standard (3, 4, 2)",32,Ena,Ena,Ena,Dis,Dis,50,169,94.7%,10014,-73,-70
150,"Standard (3, 4, 2)",32,Ena,Ena,Ena,Dis,Ena,50,169,94.7%,10014,-73,-70
151,"Standard (3, 4, 2)",32,Ena,Ena,Ena,Ena,Ena,50,169,94.7%,10074,-70,-71
152,"Standard (3, 4, 2)",32,Ena,Ena,Ena,Ena,Dis,50,169,94.7%,10074,-70,-71
153,"Standard (3, 4, 2)",32,Dis,Ena,Ena,Ena,Ena,50,169,94.7%,10074,-70,-71
154,"Standard (3, 4, 2)",32,Dis,Ena,Ena,Ena,Dis,50,169,94.7%,10074,-70,-71
155,"Alternative (8, 44, 10)",32,Ena,Ena,Ena,Ena,Ena,150,169,75.1%,65191,-52,-73
156,"Standard (3, 4, 2)",16,Ena,Ena,Dis,Dis,Ena,100,169,91.7%,24433,-79,-73
157,"Alternative (8, 44, 10)",32,Dis,Ena,Ena,Ena,Ena,150,169,75.1%,65191,-52,-73
158,"Standard (3, 4, 2)",16,Dis,Dis,Dis,Dis,Dis,150,169,67.5%,105930,-31,-75
159,"Standard (3, 4, 2)",16,Dis,Ena,Ena,Dis,Ena,200,169,95.9%,14154,-94,-76
160,"Standard (3, 4, 2)",32,Dis,Ena,Ena,Dis,Ena,100,169,95.3%,10812,-103,-78
161,"Standard (3, 4, 2)",32,Ena,Ena,Ena,Dis,Ena,100,169,95.3%,10796,-105,-78
162,"Standard (3, 4, 2)",8,Dis,Ena,Dis,Ena,Ena,100,169,91.7%,28987,-88,-79
163,"Standard (3, 4, 2)",8,Ena,Ena,Dis,Ena,Ena,100,169,91.7%,28987,-88,-79
164,"Standard (3, 4, 2)",32,Ena,Ena,Ena,Ena,Ena,100,169,95.3%,10844,-108,-80
165,"Standard (3, 4, 2)",16,Ena,Ena,Ena,Dis,Ena,200,169,95.9%,14118,-112,-80
166,"Standard (3, 4, 2)",32,Dis,Ena,Ena,Dis,Dis,100,169,95.3%,10732,-113,-80
167,"Standard (3, 4, 2)",32,Dis,Ena,Ena,Ena,Ena,100,169,95.3%,10844,-108,-80
168,"Standard (3, 4, 2)",32,Ena,Ena,Ena,Dis,Dis,100,169,95.3%,10716,-115,-81
169,"Standard (3, 4, 2)",16,Dis,Ena,Ena,Ena,Ena,200,169,95.9%,14174,-114,-82
170,"Alternative (8, 44, 10)",32,Dis,Dis,Ena,Dis,Ena,150,169,76.9%,63462,-68,-82
171,"Standard (3, 4, 2)",16,Ena,Ena,Ena,Ena,Ena,200,169,95.9%,14174,-114,-82
172,"Standard (3, 4, 2)",8,Dis,Ena,Ena,Dis,Ena,200,169,96.4%,13324,-125,-82
173,"Standard (3, 4, 2)",8,Dis,Ena,Ena,Dis,Ena,0,169,96.4%,13324,-125,-82
174,"Standard (3, 4, 2)",32,Dis,Ena,Ena,Ena,Dis,100,169,95.3%,10764,-118,-83
175,"Standard (3, 4, 2)",32,Ena,Ena,Ena,Ena,Dis,100,169,95.3%,10764,-118,-83
176,"Standard (3, 4, 2)",16,Ena,Ena,Ena,Dis,Dis,100,169,95.3%,12364,-134,-85
177,"Standard (3, 4, 2)",16,Ena,Dis,Dis,Dis,Ena,150,169,67.5%,106202,-78,-86
178,"Standard (3, 4, 2)",16,Dis,Ena,Dis,Ena,Ena,100,169,91.1%,24805,-127,-86
179,"Standard (3, 4, 2)",16,Ena,Ena,Dis,Ena,Ena,100,169,91.1%,24805,-127,-86
180,"Standard (3, 4, 2)",16,Ena,Ena,Ena,Ena,Dis,100,169,95.3%,12420,-136,-87
181,"Standard (3, 4, 2)",16,Dis,Ena,Ena,Ena,Dis,100,169,95.3%,12420,-136,-87
182,"Standard (3, 4, 2)",8,Ena,Ena,Ena,Dis,Ena,0,169,96.4%,13757,-147,-88
183,"Standard (3, 4, 2)",8,Ena,Ena,Ena,Dis,Ena,200,169,96.4%,13757,-147,-88
184,"Standard (3, 4, 2)",16,Dis,Ena,Dis,Dis,Dis,150,169,92.3%,25507,-154,-90
185,"Standard (3, 4, 2)",8,Ena,Ena,Ena,Ena,Ena,0,169,96.4%,13823,-153,-90
186,"Standard (3, 4, 2)",8,Dis,Ena,Ena,Ena,Ena,0,169,96.4%,13823,-153,-90
187,"Standard (3, 4, 2)",8,Ena,Ena,Ena,Ena,Ena,200,169,96.4%,13823,-153,-90
188,"Standard (3, 4, 2)",8,Dis,Ena,Ena,Ena,Ena,200,169,96.4%,13823,-153,-90
189,"Standard (3, 4, 2)",16,Ena,Ena,Dis,Dis,Dis,150,169,92.3%,25219,-154,-91
190,"Alternative (8, 44, 10)",32,Dis,Ena,Ena,Ena,Ena,0,169,75.7%,67602,-141,-96
191,"Alternative (8, 44, 10)",32,Ena,Ena,Ena,Ena,Ena,0,169,75.7%,67602,-141,-96
192,"Standard (3, 4, 2)",8,Dis,Ena,Ena,Dis,Dis,200,169,96.4%,13612,-197,-100
193,"Standard (3, 4, 2)",8,Dis,Ena,Ena,Dis,Dis,0,169,96.4%,13612,-197,-100
194,"Alternative (8, 44, 10)",32,Dis,Ena,Ena,Dis,Ena,150,169,76.3%,62678,-144,-102
195,"Standard (3, 4, 2)",16,Dis,Ena,Dis,Ena,Dis,150,169,91.7%,25591,-202,-104
196,"Standard (3, 4, 2)",16,Ena,Ena,Dis,Ena,Dis,150,169,91.7%,25591,-202,-104
197,"Alternative (8, 44, 10)",32,Ena,Dis,Ena,Ena,Ena,200,169,76.3%,70053,-175,-109
198,"Alternative (8, 44, 10)",32,Dis,Dis,Ena,Ena,Ena,200,169,76.3%,70053,-175,-109
199,"Standard (3, 4, 2)",16,Dis,Dis,Dis,Dis,Ena,150,169,67.5%,106166,-186,-114
200,"Standard (3, 4, 2)",8,Ena,Ena,Ena,Dis,Dis,0,169,96.4%,13884,-271,-119
201,"Standard (3, 4, 2)",8,Dis,Ena,Ena,Ena,Dis,0,169,96.4%,13959,-271,-120
202,"Standard (3, 4, 2)",8,Ena,Ena,Ena,Ena,Dis,0,169,96.4%,13959,-271,-120
203,"Standard (3, 4, 2)",16,Dis,Dis,Dis,Ena,Ena,150,169,67.5%,107110,-203,-121
204,"Standard (3, 4, 2)",16,Ena,Dis,Dis,Ena,Ena,150,169,67.5%,107110,-203,-121
205,"Alternative (8, 44, 10)",32,Ena,Dis,Ena,Dis,Ena,200,169,76.9%,67250,-231,-122
206,"Alternative (8, 44, 10)",32,Ena,Dis,Ena,Ena,Ena,150,169,75.7%,67582,-233,-123
207,"Alternative (8, 44, 10)",32,Dis,Dis,Ena,Ena,Ena,150,169,75.7%,67582,-233,-123
208,"Alternative (8, 44, 10)",32,Ena,Ena,Ena,Dis,Ena,200,169,76.3%,66066,-231,-123
209,"Standard (3, 4, 2)",32,Ena,Ena,Ena,Dis,Dis,0,169,95.9%,12328,-296,-125
210,"Standard (3, 4, 2)",32,Ena,Ena,Ena,Dis,Dis,150,169,95.9%,12328,-296,-125
211,"Standard (3, 4, 2)",32,Ena,Ena,Ena,Dis,Dis,200,169,95.9%,12328,-296,-125
212,"Standard (3, 4, 2)",32,Ena,Ena,Ena,Dis,Ena,200,169,95.9%,12500,-297,-126
213,"Standard (3, 4, 2)",32,Ena,Ena,Ena,Dis,Ena,150,169,95.9%,12500,-297,-126
214,"Standard (3, 4, 2)",32,Ena,Ena,Ena,Dis,Ena,0,169,95.9%,12500,-297,-126
215,"Standard (3, 4, 2)",32,Dis,Ena,Ena,Dis,Ena,200,169,95.9%,12504,-301,-127
216,"Standard (3, 4, 2)",32,Dis,Ena,Ena,Dis,Ena,0,169,95.9%,12504,-301,-127
217,"Standard (3, 4, 2)",32,Ena,Ena,Ena,Ena,Dis,0,169,95.9%,12376,-299,-127
218,"Standard (3, 4, 2)",32,Dis,Ena,Ena,Dis,Dis,200,169,95.9%,12332,-300,-127
219,"Standard (3, 4, 2)",32,Dis,Ena,Ena,Dis,Dis,150,169,95.9%,12332,-300,-127
220,"Standard (3, 4, 2)",32,Ena,Ena,Ena,Ena,Dis,150,169,95.9%,12376,-299,-127
221,"Standard (3, 4, 2)",32,Dis,Ena,Ena,Dis,Dis,0,169,95.9%,12332,-300,-127
222,"Standard (3, 4, 2)",32,Ena,Ena,Ena,Ena,Dis,200,169,95.9%,12376,-299,-127
223,"Standard (3, 4, 2)",32,Dis,Ena,Ena,Dis,Ena,150,169,95.9%,12504,-301,-127
224,"Standard (3, 4, 2)",32,Dis,Ena,Ena,Ena,Dis,0,169,95.9%,12376,-299,-127
225,"Standard (3, 4, 2)",32,Dis,Ena,Ena,Ena,Dis,150,169,95.9%,12376,-299,-127
226,"Standard (3, 4, 2)",32,Dis,Ena,Ena,Ena,Dis,200,169,95.9%,12376,-299,-127
227,"Standard (3, 4, 2)",32,Ena,Ena,Ena,Ena,Ena,200,169,95.9%,12548,-300,-128
228,"Standard (3, 4, 2)",32,Ena,Ena,Ena,Ena,Ena,150,169,95.9%,12548,-300,-128
229,"Standard (3, 4, 2)",32,Dis,Ena,Ena,Ena,Ena,200,169,95.9%,12548,-300,-128
230,"Standard (3, 4, 2)",32,Ena,Ena,Ena,Ena,Ena,0,169,95.9%,12548,-300,-128
231,"Standard (3, 4, 2)",32,Dis,Ena,Ena,Ena,Ena,150,169,95.9%,12548,-300,-128
232,"Standard (3, 4, 2)",32,Dis,Ena,Ena,Ena,Ena,0,169,95.9%,12548,-300,-128
233,"Standard (3, 4, 2)",16,Dis,Ena,Ena,Dis,Ena,0,169,95.9%,14378,-318,-132
234,"Standard (3, 4, 2)",16,Ena,Ena,Ena,Dis,Ena,0,169,95.9%,14342,-336,-136
235,"Standard (3, 4, 2)",16,Ena,Ena,Ena,Ena,Ena,0,169,95.9%,14398,-338,-138
236,"Standard (3, 4, 2)",16,Dis,Ena,Ena,Ena,Ena,0,169,95.9%,14398,-338,-138
237,"Standard (3, 4, 2)",16,Ena,Ena,Dis,Dis,Dis,200,169,92.3%,25811,-368,-145
238,"Alternative (8, 44, 10)",32,Dis,Dis,Ena,Ena,Ena,0,169,76.3%,70213,-335,-149
239,"Alternative (8, 44, 10)",32,Ena,Dis,Ena,Ena,Ena,0,169,76.3%,70213,-335,-149
240,"Standard (3, 4, 2)",16,Dis,Ena,Dis,Dis,Dis,200,169,92.3%,25931,-398,-151
241,"Standard (3, 4, 2)",8,Ena,Ena,Dis,Ena,Dis,100,169,91.1%,28540,-388,-154
242,"Standard (3, 4, 2)",8,Dis,Ena,Dis,Ena,Dis,100,169,91.1%,28540,-388,-154
243,"Standard (3, 4, 2)",16,Dis,Ena,Dis,Ena,Dis,200,169,91.7%,26183,-416,-158
244,"Standard (3, 4, 2)",16,Ena,Ena,Dis,Ena,Dis,200,169,91.7%,26183,-416,-158
245,"Standard (3, 4, 2)",32,Ena,Ena,Dis,Dis,Ena,150,169,91.7%,23019,-423,-159
246,"Standard (3, 4, 2)",32,Dis,Ena,Dis,Ena,Ena,150,169,91.7%,23291,-425,-160
247,"Standard (3, 4, 2)",32,Ena,Ena,Dis,Dis,Dis,150,169,91.7%,23003,-425,-160
248,"Standard (3, 4, 2)",32,Ena,Ena,Dis,Ena,Ena,150,169,91.7%,23291,-425,-160
249,"Standard (3, 4, 2)",32,Ena,Ena,Dis,Ena,Dis,150,169,91.7%,23275,-427,-161
250,"Standard (3, 4, 2)",32,Dis,Ena,Dis,Ena,Dis,150,169,91.7%,23275,-427,-161
251,"Standard (3, 4, 2)",32,Dis,Ena,Dis,Dis,Dis,150,169,91.7%,22971,-447,-166
252,"Standard (3, 4, 2)",8,Ena,Ena,Dis,Dis,Ena,50,169,90.5%,24013,-454,-168
253,"Standard (3, 4, 2)",8,Ena,Ena,Dis,Dis,Dis,50,169,90.5%,24013,-454,-168
254,"Alternative (8, 44, 10)",32,Ena,Ena,Ena,Dis,Ena,0,169,76.3%,66258,-423,-171
255,"Standard (3, 4, 2)",8,Dis,Ena,Dis,Dis,Ena,50,169,90.5%,23825,-518,-183
256,"Standard (3, 4, 2)",8,Dis,Ena,Dis,Dis,Dis,50,169,90.5%,23825,-518,-183
257,"Standard (3, 4, 2)",16,Dis,Ena,Ena,Dis,Ena,150,169,95.3%,12776,-537,-187
258,"Alternative (8, 44, 10)",32,Ena,Ena,Ena,Ena,Dis,200,169,75.7%,67201,-506,-188
259,"Alternative (8, 44, 10)",32,Dis,Ena,Ena,Ena,Dis,200,169,75.7%,67201,-506,-188
260,"Standard (3, 4, 2)",16,Ena,Dis,Ena,Dis,Dis,150,169,74.0%,81564,-534,-192
261,"Alternative (8, 44, 10)",32,Ena,Ena,Ena,Ena,Dis,150,169,74.6%,63144,-546,-197
262,"Alternative (8, 44, 10)",32,Dis,Ena,Ena,Ena,Dis,150,169,74.6%,63144,-546,-197
263,"Standard (3, 4, 2)",32,Ena,Dis,Ena,Dis,Ena,100,169,72.2%,74765,-571,-204
264,"Standard (3, 4, 2)",16,Ena,Ena,Ena,Dis,Ena,100,169,94.7%,12070,-608,-204
265,"Standard (3, 4, 2)",16,Ena,Dis,Dis,Dis,Dis,200,169,68.0%,110420,-561,-206
266,"Standard (3, 4, 2)",16,Ena,Ena,Ena,Ena,Ena,100,169,94.7%,12126,-610,-206
267,"Standard (3, 4, 2)",16,Dis,Ena,Ena,Ena,Ena,100,169,94.7%,12126,-610,-206
268,"Standard (3, 4, 2)",32,Dis,Dis,Ena,Ena,Ena,100,169,72.2%,75217,-600,-207
269,"Standard (3, 4, 2)",32,Ena,Dis,Ena,Dis,Dis,100,169,72.2%,74685,-581,-207
270,"Standard (3, 4, 2)",32,Dis,Ena,Dis,Dis,Ena,150,169,91.7%,23315,-611,-207
271,"Standard (3, 4, 2)",32,Ena,Dis,Ena,Ena,Ena,100,169,72.2%,75217,-600,-207
272,"Alternative (8, 44, 10)",32,Ena,Ena,Ena,Dis,Dis,200,169,76.3%,65637,-568,-207
273,"Standard (3, 4, 2)",16,Dis,Ena,Ena,Dis,Dis,100,169,94.7%,11546,-624,-208
274,"Standard (3, 4, 2)",32,Dis,Dis,Ena,Ena,Dis,100,169,72.2%,75137,-610,-210
275,"Standard (3, 4, 2)",32,Ena,Dis,Ena,Ena,Dis,100,169,72.2%,75137,-610,-210
276,"Standard (3, 4, 2)",32,Ena,Ena,Dis,Dis,Ena,200,169,91.7%,23595,-639,-213
277,"Standard (3, 4, 2)",32,Dis,Ena,Dis,Ena,Ena,200,169,91.7%,23867,-641,-214
278,"Standard (3, 4, 2)",32,Ena,Ena,Dis,Ena,Ena,200,169,91.7%,23867,-641,-214
279,"Standard (3, 4, 2)",16,Dis,Dis,Dis,Dis,Ena,200,169,68.0%,110472,-595,-216
280,"Alternative (8, 44, 10)",32,Ena,Dis,Ena,Dis,Ena,0,169,76.9%,67634,-615,-218
281,"Standard (3, 4, 2)",32,Ena,Ena,Dis,Dis,Dis,200,169,91.7%,23331,-663,-219
282,"Standard (3, 4, 2)",16,Dis,Dis,Dis,Dis,Dis,200,169,68.0%,110488,-611,-220
283,"Standard (3, 4, 2)",32,Ena,Ena,Dis,Ena,Dis,200,169,91.7%,23603,-665,-220
284,"Standard (3, 4, 2)",32,Dis,Ena,Dis,Ena,Dis,200,169,91.7%,23603,-665,-220
285,"Standard (3, 4, 2)",16,Ena,Dis,Dis,Dis,Ena,200,169,68.0%,110288,-618,-221
286,"Standard (3, 4, 2)",32,Ena,Dis,Dis,Dis,Ena,200,169,68.0%,106220,-618,-222
287,"Standard (3, 4, 2)",16,Ena,Dis,Ena,Ena,Dis,150,169,74.0%,82016,-671,-225
288,"Alternative (8, 44, 10)",32,Dis,Ena,Ena,Dis,Dis,200,169,76.3%,65173,-635,-225
289,"Standard (3, 4, 2)",16,Dis,Dis,Ena,Ena,Dis,150,169,74.0%,82016,-671,-225
290,"Alternative (8, 44, 10)",32,Dis,Ena,Ena,Dis,Dis,150,169,75.7%,61436,-642,-228
291,"Standard (3, 4, 2)",16,Dis,Ena,Ena,Dis,Ena,100,169,94.7%,11858,-702,-228
292,"Standard (3, 4, 2)",32,Ena,Dis,Dis,Dis,Dis,200,169,68.0%,105956,-642,-228
293,"Alternative (8, 44, 10)",32,Ena,Dis,Ena,Dis,Dis,200,169,76.9%,66889,-663,-231
294,"Standard (3, 4, 2)",16,Dis,Ena,Ena,Dis,Dis,150,169,95.3%,13104,-739,-236
295,"Standard (3, 4, 2)",16,Ena,Dis,Dis,Dis,Dis,0,169,68.0%,110628,-679,-236
296,"Alternative (8, 44, 10)",32,Ena,Ena,Ena,Dis,Dis,50,169,70.4%,49380,-696,-239
297,"Alternative (8, 44, 10)",32,Ena,Ena,Ena,Dis,Ena,50,169,70.4%,49380,-696,-239
298,"Alternative (8, 44, 10)",32,Ena,Dis,Ena,Ena,Dis,200,169,76.3%,69828,-698,-240
299,"Alternative (8, 44, 10)",32,Dis,Dis,Ena,Ena,Dis,200,169,76.3%,69828,-698,-240
300,"Standard (3, 4, 2)",16,Ena,Ena,Ena,Dis,Dis,150,169,95.3%,13072,-752,-240
301,"Standard (3, 4, 2)",16,Dis,Dis,Dis,Ena,Dis,0,169,68.0%,111680,-687,-241
302,"Alternative (8, 44, 10)",32,Ena,Dis,Ena,Ena,Dis,150,169,75.1%,65479,-707,-241
303,"Standard (3, 4, 2)",16,Ena,Dis,Dis,Ena,Dis,0,169,68.0%,111680,-687,-241
304,"Alternative (8, 44, 10)",32,Dis,Dis,Ena,Ena,Dis,150,169,75.1%,65479,-707,-241
305,"Standard (3, 4, 2)",16,Dis,Ena,Ena,Ena,Dis,150,169,95.3%,13128,-754,-242
306,"Standard (3, 4, 2)",16,Ena,Ena,Ena,Ena,Dis,150,169,95.3%,13128,-754,-242
307,"Alternative (8, 44, 10)",32,Dis,Dis,Ena,Dis,Dis,150,169,76.3%,62492,-712,-243
308,"Alternative (8, 44, 10)",32,Dis,Ena,Ena,Dis,Dis,50,169,70.4%,49364,-716,-244
309,"Standard (3, 4, 2)",16,Dis,Dis,Dis,Dis,Dis,0,169,68.0%,110680,-713,-245
310,"Alternative (8, 44, 10)",32,Dis,Ena,Ena,Dis,Ena,50,169,70.4%,49597,-718,-245
311,"Standard (3, 4, 2)",8,Dis,Ena,Dis,Ena,Ena,50,169,88.8%,24507,-762,-247
312,"Standard (3, 4, 2)",8,Dis,Ena,Dis,Ena,Dis,50,169,88.8%,24507,-762,-247
313,"Standard (3, 4, 2)",8,Ena,Ena,Dis,Ena,Ena,50,169,88.8%,24507,-762,-247
314,"Standard (3, 4, 2)",8,Ena,Ena,Dis,Ena,Dis,50,169,88.8%,24507,-762,-247
315,"Alternative (8, 44, 10)",32,Dis,Dis,Ena,Dis,Dis,200,169,76.9%,66389,-739,-249
316,"Standard (3, 4, 2)",16,Ena,Dis,Dis,Dis,Ena,0,169,68.0%,110416,-746,-253
317,"Standard (3, 4, 2)",8,Dis,Dis,Dis,Dis,Ena,200,169,68.6%,118781,-741,-253
318,"Standard (3, 4, 2)",16,Dis,Dis,Dis,Ena,Ena,0,169,68.0%,111472,-749,-257
319,"Standard (3, 4, 2)",16,Ena,Dis,Dis,Ena,Ena,0,169,68.0%,111472,-749,-257
320,"Alternative (8, 44, 10)",32,Ena,Dis,Ena,Dis,Dis,0,169,76.9%,67001,-775,-259
321,"Alternative (8, 44, 10)",32,Ena,Dis,Ena,Dis,Ena,150,169,76.3%,63549,-796,-264
322,"Standard (3, 4, 2)",16,Ena,Dis,Ena,Dis,Dis,0,169,74.6%,85287,-834,-267
323,"Alternative (8, 44, 10)",16,Dis,Ena,Ena,Ena,Dis,0,169,76.3%,73545,-823,-269
324,"Alternative (8, 44, 10)",16,Ena,Ena,Ena,Ena,Dis,0,169,76.3%,73545,-823,-269
325,"Standard (3, 4, 2)",32,Dis,Ena,Dis,Dis,Ena,0,169,91.7%,23571,-867,-271
326,"Standard (3, 4, 2)",16,Dis,Dis,Ena,Dis,Dis,0,169,74.6%,85287,-852,-271
327,"Standard (3, 4, 2)",16,Dis,Dis,Ena,Ena,Dis,0,169,74.6%,85867,-856,-271
328,"Standard (3, 4, 2)",32,Dis,Ena,Dis,Dis,Ena,200,169,91.7%,23571,-867,-271
329,"Standard (3, 4, 2)",16,Ena,Dis,Ena,Ena,Dis,0,169,74.6%,85867,-856,-271
330,"Standard (3, 4, 2)",32,Ena,Ena,Dis,Dis,Ena,0,169,91.7%,23851,-895,-277
331,"Alternative (8, 44, 10)",32,Dis,Dis,Ena,Dis,Dis,0,169,76.9%,66501,-851,-277
332,"Standard (3, 4, 2)",32,Dis,Ena,Dis,Ena,Ena,0,169,91.7%,24123,-897,-278
333,"Standard (3, 4, 2)",32,Ena,Ena,Dis,Ena,Ena,0,169,91.7%,24123,-897,-278
334,"Standard (3, 4, 2)",32,Dis,Dis,Dis,Dis,Ena,200,169,68.0%,106172,-849,-279
335,"Standard (3, 4, 2)",16,Ena,Dis,Ena,Dis,Dis,50,169,67.5%,65018,-903,-283
336,"Standard (3, 4, 2)",16,Ena,Dis,Ena,Dis,Ena,50,169,67.5%,65018,-903,-283
337,"Standard (3, 4, 2)",16,Dis,Ena,Ena,Dis,Dis,200,169,95.3%,13604,-933,-285
338,"Standard (3, 4, 2)",32,Ena,Dis,Ena,Dis,Ena,200,169,74.6%,81355,-898,-286
339,"Standard (3, 4, 2)",32,Ena,Dis,Ena,Dis,Dis,200,169,74.6%,81183,-897,-286
340,"Standard (3, 4, 2)",32,Ena,Dis,Dis,Dis,Dis,100,169,65.1%,96352,-865,-286
341,"Standard (3, 4, 2)",32,Dis,Dis,Ena,Dis,Dis,200,169,74.6%,81187,-901,-288
342,"Standard (3, 4, 2)",16,Dis,Dis,Dis,Dis,Ena,0,169,68.0%,110760,-883,-288
343,"Standard (3, 4, 2)",32,Dis,Dis,Ena,Dis,Ena,200,169,74.6%,81359,-902,-288
344,"Standard (3, 4, 2)",32,Ena,Dis,Dis,Ena,Dis,100,169,65.1%,97160,-890,-290
345,"Standard (3, 4, 2)",32,Dis,Dis,Dis,Ena,Dis,100,169,65.1%,97160,-890,-290
346,"Alternative (8, 44, 10)",16,Dis,Ena,Ena,Dis,Dis,0,169,77.5%,72779,-879,-290
347,"Alternative (8, 44, 10)",32,Ena,Ena,Ena,Dis,Ena,150,169,75.7%,62717,-896,-290
348,"Standard (3, 4, 2)",16,Ena,Ena,Ena,Dis,Dis,200,169,95.3%,13584,-958,-291
349,"Standard (3, 4, 2)",32,Dis,Ena,Dis,Dis,Dis,0,169,91.7%,23875,-955,-293
350,"Standard (3, 4, 2)",16,Dis,Ena,Ena,Ena,Dis,200,169,95.3%,13640,-960,-293
351,"Standard (3, 4, 2)",16,Ena,Ena,Ena,Ena,Dis,200,169,95.3%,13640,-960,-293
352,"Standard (3, 4, 2)",32,Dis,Ena,Dis,Dis,Dis,200,169,91.7%,23875,-955,-293
353,"Standard (3, 4, 2)",32,Ena,Dis,Dis,Dis,Ena,100,169,65.1%,96384,-897,-294
354,"Alternative (8, 44, 10)",16,Ena,Ena,Ena,Dis,Dis,0,169,77.5%,73439,-891,-294
355,"Standard (3, 4, 2)",16,Ena,Dis,Ena,Ena,Dis,50,169,67.5%,65362,-959,-296
356,"Standard (3, 4, 2)",16,Dis,Dis,Ena,Ena,Dis,50,169,67.5%,65362,-959,-296
357,"Standard (3, 4, 2)",16,Dis,Dis,Ena,Ena,Ena,50,169,67.5%,65362,-959,-296
358,"Standard (3, 4, 2)",16,Ena,Dis,Ena,Ena,Ena,50,169,67.5%,65362,-959,-296
359,"Standard (3, 4, 2)",32,Ena,Dis,Dis,Ena,Ena,100,169,65.1%,97192,-922,-298
360,"Standard (3, 4, 2)",32,Dis,Dis,Dis,Ena,Ena,100,169,65.1%,97192,-922,-298
361,"Standard (3, 4, 2)",32,Dis,Dis,Dis,Dis,Dis,200,169,68.0%,106476,-937,-301
362,"Standard (3, 4, 2)",32,Dis,Dis,Ena,Dis,Dis,50,169,66.9%,64241,-981,-306
363,"Standard (3, 4, 2)",32,Dis,Dis,Ena,Dis,Ena,50,169,66.9%,64241,-981,-306
364,"Standard (3, 4, 2)",32,Ena,Dis,Ena,Dis,Ena,50,169,66.9%,64449,-982,-306
365,"Standard (3, 4, 2)",32,Ena,Dis,Ena,Dis,Dis,50,169,66.9%,64449,-982,-306
366,"Standard (3, 4, 2)",32,Dis,Dis,Ena,Dis,Ena,100,169,71.6%,73689,-977,-307
367,"Alternative (8, 44, 10)",16,Dis,Dis,Ena,Dis,Dis,0,169,78.1%,74181,-974,-309
368,"Standard (3, 4, 2)",32,Dis,Dis,Ena,Dis,Dis,100,169,71.6%,73609,-987,-310
369,"Alternative (8, 44, 10)",32,Dis,Ena,Ena,Ena,Dis,50,169,69.2%,50915,-1010,-311
370,"Alternative (8, 44, 10)",32,Dis,Ena,Ena,Ena,Ena,50,169,69.2%,50915,-1010,-311
371,"Alternative (8, 44, 10)",32,Ena,Ena,Ena,Ena,Dis,50,169,69.2%,50915,-1010,-311
372,"Alternative (8, 44, 10)",32,Ena,Ena,Ena,Ena,Ena,50,169,69.2%,50915,-1010,-311
373,"Standard (3, 4, 2)",32,Ena,Ena,Dis,Dis,Dis,0,169,91.7%,24003,-1029,-311
374,"Alternative (8, 44, 10)",16,Ena,Dis,Ena,Dis,Dis,0,169,78.1%,74889,-989,-312
375,"Standard (3, 4, 2)",32,Dis,Ena,Dis,Ena,Dis,0,169,91.7%,24275,-1031,-312
376,"Standard (3, 4, 2)",32,Ena,Ena,Dis,Ena,Dis,0,169,91.7%,24275,-1031,-312
377,"Alternative (8, 44, 10)",16,Ena,Ena,Ena,Dis,Dis,100,169,74.6%,63022,-973,-314
378,"Alternative (8, 44, 10)",16,Ena,Dis,Ena,Dis,Dis,100,169,75.1%,63988,-1010,-318
379,"Alternative (8, 44, 10)",16,Dis,Ena,Ena,Ena,Dis,100,169,73.4%,63570,-1032,-322
380,"Alternative (8, 44, 10)",16,Ena,Ena,Ena,Ena,Dis,100,169,73.4%,63570,-1032,-322
381,"Alternative (8, 44, 10)",16,Dis,Ena,Ena,Dis,Ena,50,169,71.0%,54403,-1022,-325
382,"Alternative (8, 44, 10)",32,Ena,Dis,Ena,Dis,Dis,50,169,70.4%,49999,-1046,-326
383,"Alternative (8, 44, 10)",32,Ena,Dis,Ena,Dis,Ena,50,169,70.4%,49999,-1046,-326
384,"Alternative (8, 44, 10)",16,Ena,Dis,Ena,Ena,Dis,0,169,76.3%,75882,-1067,-327
385,"Alternative (8, 44, 10)",16,Dis,Dis,Ena,Ena,Dis,0,169,76.3%,75882,-1067,-327
386,"Standard (3, 4, 2)",32,Dis,Dis,Ena,Ena,Dis,50,169,66.9%,64933,-1088,-328
387,"Standard (3, 4, 2)",32,Dis,Dis,Ena,Ena,Ena,50,169,66.9%,64933,-1088,-328
388,"Standard (3, 4, 2)",32,Ena,Dis,Ena,Ena,Dis,50,169,66.9%,64933,-1088,-328
389,"Standard (3, 4, 2)",32,Ena,Dis,Ena,Ena,Ena,50,169,66.9%,64933,-1088,-328
390,"Standard (3, 4, 2)",16,Dis,Dis,Ena,Dis,Dis,50,169,66.9%,64726,-1088,-330
391,"Standard (3, 4, 2)",16,Dis,Dis,Ena,Dis,Ena,50,169,66.9%,64726,-1088,-330
392,"Alternative (8, 44, 10)",32,Dis,Dis,Ena,Dis,Dis,50,169,70.4%,49991,-1074,-332
393,"Alternative (8, 44, 10)",32,Dis,Dis,Ena,Dis,Ena,50,169,70.4%,50224,-1076,-333
394,"Alternative (8, 44, 10)",16,Dis,Dis,Ena,Ena,Dis,100,169,73.4%,65775,-1126,-341
395,"Alternative (8, 44, 10)",16,Ena,Dis,Ena,Ena,Dis,100,169,73.4%,65775,-1126,-341
396,"Standard (3, 4, 2)",16,Dis,Dis,Ena,Dis,Dis,150,169,73.4%,80060,-1133,-342
397,"Alternative (8, 44, 10)",32,Ena,Dis,Ena,Ena,Dis,50,169,69.8%,52880,-1122,-347
398,"Alternative (8, 44, 10)",32,Ena,Dis,Ena,Ena,Ena,50,169,69.8%,52880,-1122,-347
399,"Alternative (8, 44, 10)",32,Dis,Dis,Ena,Ena,Ena,50,169,69.8%,52880,-1122,-347
400,"Alternative (8, 44, 10)",32,Dis,Dis,Ena,Ena,Dis,50,169,69.8%,52880,-1122,-347
401,"Alternative (8, 44, 10)",32,Dis,Ena,Ena,Dis,Ena,100,169,74.0%,58185,-1147,-353
402,"Alternative (8, 44, 10)",16,Ena,Dis,Ena,Ena,Ena,0,169,75.7%,77748,-1177,-353
403,"Alternative (8, 44, 10)",16,Dis,Dis,Ena,Ena,Ena,0,169,75.7%,77748,-1177,-353
404,"Standard (3, 4, 2)",16,Ena,Dis,Ena,Dis,Ena,150,169,73.4%,80448,-1197,-357
405,"Alternative (8, 44, 10)",32,Dis,Dis,Ena,Dis,Ena,100,169,74.6%,59337,-1187,-362
406,"Alternative (8, 44, 10)",8,Ena,Dis,Ena,Ena,Dis,50,169,71.6%,60553,-1193,-363
407,"Alternative (8, 44, 10)",8,Dis,Dis,Ena,Ena,Dis,50,169,71.6%,60553,-1193,-363
408,"Alternative (8, 44, 10)",32,Ena,Ena,Ena,Dis,Dis,150,169,75.1%,60678,-1227,-373
409,"Alternative (8, 44, 10)",8,Ena,Ena,Ena,Ena,Dis,50,169,70.4%,59072,-1256,-377
410,"Alternative (8, 44, 10)",8,Dis,Ena,Ena,Ena,Dis,50,169,70.4%,59072,-1256,-377
411,"Standard (3, 4, 2)",16,Dis,Dis,Ena,Dis,Ena,150,169,73.4%,80208,-1290,-380
412,"Alternative (8, 44, 10)",8,Dis,Dis,Ena,Ena,Ena,50,169,71.6%,60625,-1265,-381
413,"Alternative (8, 44, 10)",8,Ena,Dis,Ena,Ena,Ena,50,169,71.6%,60625,-1265,-381
414,"Alternative (8, 44, 10)",32,Ena,Dis,Ena,Dis,Dis,150,169,75.7%,61766,-1293,-389
415,"Alternative (8, 44, 10)",16,Ena,Ena,Ena,Dis,Dis,200,169,76.9%,71858,-1278,-390
416,"Standard (3, 4, 2)",16,Ena,Dis,Ena,Ena,Ena,150,169,73.4%,80884,-1336,-392
417,"Standard (3, 4, 2)",16,Dis,Dis,Ena,Ena,Ena,150,169,73.4%,80884,-1336,-392
418,"Standard (3, 4, 2)",32,Dis,Dis,Dis,Dis,Ena,100,169,64.5%,95365,-1297,-393
419,"Alternative (8, 44, 10)",8,Dis,Ena,Ena,Ena,Ena,50,169,70.4%,59144,-1328,-395
420,"Alternative (8, 44, 10)",8,Ena,Ena,Ena,Ena,Ena,50,169,70.4%,59144,-1328,-395
421,"Alternative (8, 44, 10)",16,Dis,Ena,Ena,Dis,Dis,50,169,70.4%,53422,-1321,-399
422,"Standard (3, 4, 2)",32,Dis,Dis,Dis,Dis,Dis,100,169,64.5%,95389,-1321,-399
423,"Alternative (8, 44, 10)",16,Ena,Ena,Ena,Dis,Ena,50,169,70.4%,53266,-1327,-401
424,"Alternative (8, 44, 10)",16,Ena,Ena,Ena,Dis,Dis,50,169,70.4%,53266,-1327,-401
425,"Standard (3, 4, 2)",16,Dis,Dis,Ena,Ena,Dis,100,169,71.0%,76181,-1390,-403
426,"Standard (3, 4, 2)",16,Ena,Dis,Ena,Ena,Dis,100,169,71.0%,76181,-1390,-403
427,"Alternative (8, 44, 10)",16,Dis,Ena,Ena,Ena,Ena,50,169,69.2%,54734,-1373,-407
428,"Alternative (8, 44, 10)",16,Dis,Ena,Ena,Ena,Dis,50,169,69.2%,54734,-1373,-407
429,"Alternative (8, 44, 10)",16,Ena,Ena,Ena,Ena,Dis,50,169,69.2%,54734,-1373,-407
430,"Alternative (8, 44, 10)",16,Ena,Ena,Ena,Ena,Ena,50,169,69.2%,54734,-1373,-407
431,"Alternative (8, 44, 10)",16,Ena,Dis,Ena,Dis,Dis,200,169,77.5%,73324,-1392,-412
432,"Standard (3, 4, 2)",8,Ena,Dis,Dis,Dis,Ena,200,169,68.6%,120189,-1375,-412
433,"Standard (3, 4, 2)",16,Dis,Dis,Dis,Ena,Dis,200,169,68.0%,110393,-1383,-415
434,"Standard (3, 4, 2)",16,Ena,Dis,Dis,Ena,Dis,200,169,68.0%,110393,-1383,-415
435,"Standard (3, 4, 2)",16,Ena,Dis,Ena,Ena,Ena,100,169,71.0%,76325,-1444,-417
436,"Standard (3, 4, 2)",16,Dis,Dis,Ena,Ena,Ena,100,169,71.0%,76325,-1444,-417
437,"Standard (3, 4, 2)",32,Ena,Dis,Dis,Ena,Ena,200,169,68.0%,106141,-1433,-424
438,"Standard (3, 4, 2)",32,Dis,Dis,Dis,Ena,Ena,200,169,68.0%,106141,-1433,-424
439,"Alternative (8, 44, 10)",16,Dis,Dis,Ena,Ena,Dis,50,169,69.2%,56342,-1470,-426
440,"Alternative (8, 44, 10)",16,Ena,Dis,Ena,Ena,Dis,50,169,69.2%,56342,-1470,-426
441,"Alternative (8, 44, 10)",16,Ena,Dis,Ena,Ena,Ena,50,169,69.2%,56342,-1470,-426
442,"Alternative (8, 44, 10)",16,Dis,Dis,Ena,Ena,Ena,50,169,69.2%,56342,-1470,-426
443,"Standard (3, 4, 2)",16,Dis,Dis,Dis,Ena,Ena,200,169,68.0%,110265,-1435,-429
444,"Standard (3, 4, 2)",16,Ena,Dis,Dis,Ena,Ena,200,169,68.0%,110265,-1435,-429
445,"Standard (3, 4, 2)",32,Ena,Dis,Dis,Ena,Dis,200,169,68.0%,105877,-1457,-430
446,"Standard (3, 4, 2)",32,Dis,Dis,Dis,Ena,Dis,200,169,68.0%,105877,-1457,-430
447,"Alternative (8, 44, 10)",16,Dis,Ena,Ena,Ena,Ena,150,169,74.6%,70571,-1469,-431
448,"Alternative (8, 44, 10)",16,Ena,Ena,Ena,Ena,Ena,150,169,74.6%,70571,-1469,-431
449,"Alternative (8, 44, 10)",8,Dis,Dis,Ena,Dis,Ena,50,169,72.2%,54049,-1530,-443
450,"Alternative (8, 44, 10)",8,Ena,Dis,Ena,Dis,Dis,50,169,72.2%,54918,-1544,-445
451,"Standard (3, 4, 2)",32,Dis,Dis,Dis,Dis,Ena,0,169,68.0%,107000,-1515,-445
452,"Alternative (8, 44, 10)",16,Dis,Ena,Ena,Dis,Ena,100,169,74.6%,61622,-1509,-447
453,"Alternative (8, 44, 10)",16,Dis,Dis,Ena,Dis,Dis,100,169,74.6%,62873,-1533,-449
454,"Standard (3, 4, 2)",32,Dis,Dis,Dis,Ena,Ena,0,169,68.0%,108268,-1541,-450
455,"Alternative (8, 44, 10)",16,Ena,Ena,Ena,Ena,Ena,100,169,73.4%,62906,-1544,-450
456,"Standard (3, 4, 2)",32,Ena,Dis,Dis,Ena,Ena,0,169,68.0%,108268,-1541,-450
457,"Alternative (8, 44, 10)",16,Dis,Ena,Ena,Ena,Ena,100,169,73.4%,62906,-1544,-450
458,"Alternative (8, 44, 10)",16,Dis,Ena,Ena,Dis,Dis,100,169,74.0%,61771,-1522,-451
459,"Standard (3, 4, 2)",8,Ena,Dis,Dis,Ena,Ena,0,169,68.6%,122790,-1534,-451
460,"Alternative (8, 44, 10)",16,Dis,Dis,Ena,Dis,Ena,50,169,70.4%,54739,-1551,-451
461,"Standard (3, 4, 2)",8,Dis,Dis,Dis,Ena,Ena,0,169,68.6%,122790,-1534,-451
462,"Standard (3, 4, 2)",32,Ena,Dis,Ena,Ena,Ena,0,169,74.6%,82779,-1584,-452
463,"Standard (3, 4, 2)",32,Dis,Dis,Ena,Ena,Ena,0,169,74.6%,82779,-1584,-452
464,"Standard (3, 4, 2)",32,Dis,Dis,Ena,Ena,Dis,0,169,74.6%,82607,-1583,-452
465,"Standard (3, 4, 2)",32,Ena,Dis,Ena,Dis,Dis,0,169,74.6%,82011,-1563,-452
466,"Standard (3, 4, 2)",32,Ena,Dis,Dis,Dis,Ena,0,169,68.0%,107304,-1540,-452
467,"Standard (3, 4, 2)",32,Ena,Dis,Ena,Dis,Ena,0,169,74.6%,82183,-1564,-452
468,"Alternative (8, 44, 10)",8,Dis,Dis,Ena,Dis,Dis,50,169,72.2%,54249,-1568,-452
469,"Standard (3, 4, 2)",32,Ena,Dis,Ena,Ena,Dis,0,169,74.6%,82607,-1583,-452
470,"Alternative (8, 44, 10)",16,Dis,Dis,Ena,Dis,Ena,100,169,75.1%,62544,-1556,-453
471,"Standard (3, 4, 2)",32,Dis,Dis,Ena,Dis,Ena,0,169,74.6%,82187,-1568,-454
472,"Standard (3, 4, 2)",32,Dis,Dis,Ena,Dis,Dis,0,169,74.6%,82015,-1567,-454
473,"Alternative (8, 44, 10)",32,Ena,Ena,Ena,Dis,Dis,100,169,73.4%,57712,-1558,-456
474,"Alternative (8, 44, 10)",8,Ena,Dis,Ena,Dis,Ena,50,169,72.2%,54878,-1594,-458
475,"Standard (3, 4, 2)",8,Ena,Dis,Dis,Dis,Ena,0,169,68.6%,120381,-1567,-460
476,"Alternative (8, 44, 10)",32,Dis,Ena,Ena,Dis,Dis,100,169,73.4%,57436,-1579,-462
477,"Alternative (8, 44, 10)",32,Ena,Dis,Ena,Dis,Dis,100,169,74.0%,58896,-1594,-465
478,"Standard (3, 4, 2)",32,Dis,Dis,Dis,Dis,Dis,0,169,68.0%,107304,-1603,-467
479,"Alternative (8, 44, 10)",32,Dis,Dis,Ena,Dis,Dis,100,169,74.0%,58588,-1619,-470
480,"Alternative (8, 44, 10)",32,Ena,Ena,Ena,Dis,Ena,100,169,73.4%,58152,-1620,-471
481,"Alternative (8, 44, 10)",16,Dis,Dis,Ena,Ena,Ena,150,169,74.6%,72848,-1653,-472
482,"Alternative (8, 44, 10)",16,Ena,Dis,Ena,Ena,Ena,150,169,74.6%,72848,-1653,-472
483,"Alternative (8, 44, 10)",8,Dis,Ena,Ena,Dis,Ena,50,169,71.6%,54140,-1644,-474
484,"Alternative (8, 44, 10)",32,Ena,Dis,Ena,Dis,Ena,100,169,74.0%,59352,-1636,-475
485,"Standard (3, 4, 2)",16,Ena,Dis,Dis,Ena,Dis,100,169,63.9%,99369,-1629,-476
486,"Standard (3, 4, 2)",16,Dis,Dis,Dis,Ena,Dis,100,169,63.9%,99369,-1629,-476
487,"Standard (3, 4, 2)",16,Dis,Dis,Ena,Dis,Dis,200,169,74.0%,84616,-1675,-477
488,"Standard (3, 4, 2)",16,Ena,Dis,Ena,Dis,Dis,200,169,74.0%,84596,-1682,-479
489,"Standard (3, 4, 2)",16,Ena,Dis,Ena,Dis,Ena,200,169,74.0%,84760,-1693,-481
490,"Standard (3, 4, 2)",8,Ena,Dis,Ena,Dis,Dis,50,169,66.3%,66142,-1682,-481
491,"Standard (3, 4, 2)",8,Ena,Dis,Ena,Dis,Ena,50,169,66.3%,66142,-1682,-481
492,"Standard (3, 4, 2)",16,Ena,Dis,Dis,Dis,Dis,50,169,59.8%,84078,-1661,-482
493,"Standard (3, 4, 2)",16,Ena,Dis,Dis,Dis,Ena,50,169,59.8%,84078,-1661,-482
494,"Standard (3, 4, 2)",32,Ena,Dis,Dis,Ena,Dis,0,169,68.0%,108420,-1675,-483
495,"Standard (3, 4, 2)",16,Dis,Dis,Ena,Dis,Ena,200,169,74.0%,84788,-1703,-483
496,"Standard (3, 4, 2)",32,Dis,Dis,Dis,Ena,Dis,0,169,68.0%,108420,-1675,-483
497,"Alternative (8, 44, 10)",8,Dis,Ena,Ena,Dis,Dis,50,169,71.6%,54340,-1682,-483
498,"Standard (3, 4, 2)",8,Dis,Dis,Ena,Dis,Dis,50,169,66.3%,65954,-1692,-484
499,"Standard (3, 4, 2)",8,Dis,Dis,Ena,Dis,Ena,50,169,66.3%,65954,-1692,-484
500,"Standard (3, 4, 2)",32,Ena,Dis,Dis,Dis,Dis,0,169,68.0%,107456,-1674,-485
501,"Standard (3, 4, 2)",32,Ena,Dis,Ena,Ena,Ena,200,169,74.6%,80971,-1723,-488
502,"Standard (3, 4, 2)",32,Dis,Dis,Ena,Ena,Dis,200,169,74.6%,80799,-1722,-488
503,"Standard (3, 4, 2)",32,Ena,Dis,Ena,Ena,Dis,200,169,74.6%,80799,-1722,-488
504,"Standard (3, 4, 2)",32,Dis,Dis,Ena,Ena,Ena,200,169,74.6%,80971,-1723,-488
505,"Standard (3, 4, 2)",16,Dis,Dis,Dis,Ena,Ena,100,169,63.9%,99513,-1683,-490
506,"Standard (3, 4, 2)",16,Ena,Dis,Dis,Ena,Ena,100,169,63.9%,99513,-1683,-490
507,"Standard (3, 4, 2)",16,Ena,Dis,Dis,Ena,Dis,50,169,59.8%,84706,-1695,-492
508,"Standard (3, 4, 2)",16,Dis,Dis,Dis,Ena,Ena,50,169,59.8%,84706,-1695,-492
509,"Standard (3, 4, 2)",16,Ena,Dis,Dis,Ena,Ena,50,169,59.8%,84706,-1695,-492
510,"Standard (3, 4, 2)",16,Dis,Dis,Dis,Ena,Dis,50,169,59.8%,84706,-1695,-492
511,"Alternative (8, 44, 10)",16,Ena,Ena,Ena,Ena,Ena,200,169,75.1%,74470,-1720,-494
512,"Alternative (8, 44, 10)",16,Dis,Ena,Ena,Ena,Ena,200,169,75.1%,74470,-1720,-494
513,"Alternative (8, 44, 10)",16,Dis,Dis,Ena,Dis,Ena,200,169,76.9%,74160,-1721,-495
514,"Alternative (8, 44, 10)",16,Ena,Dis,Ena,Ena,Ena,100,169,73.4%,65199,-1753,-497
515,"Alternative (8, 44, 10)",16,Dis,Dis,Ena,Ena,Ena,100,169,73.4%,65199,-1753,-497
516,"Standard (3, 4, 2)",8,Ena,Dis,Ena,Ena,Ena,50,169,66.3%,66665,-1755,-499
517,"Standard (3, 4, 2)",8,Dis,Dis,Ena,Ena,Dis,50,169,66.3%,66665,-1755,-499
518,"Standard (3, 4, 2)",8,Ena,Dis,Ena,Ena,Dis,50,169,66.3%,66665,-1755,-499
519,"Standard (3, 4, 2)",8,Dis,Dis,Ena,Ena,Ena,50,169,66.3%,66665,-1755,-499
520,"Standard (3, 4, 2)",16,Ena,Dis,Ena,Dis,Dis,100,169,70.4%,75279,-1778,-501
521,"Alternative (8, 44, 10)",16,Ena,Ena,Ena,Ena,Dis,150,169,74.6%,68065,-1759,-504
522,"Alternative (8, 44, 10)",16,Dis,Ena,Ena,Ena,Dis,150,169,74.6%,68065,-1759,-504
523,"Standard (3, 4, 2)",16,Dis,Dis,Ena,Dis,Dis,100,169,70.4%,74611,-1785,-504
524,"Alternative (8, 44, 10)",8,Ena,Ena,Ena,Dis,Dis,50,169,71.6%,54796,-1772,-506
525,"Alternative (8, 44, 10)",16,Dis,Ena,Ena,Dis,Ena,200,169,76.3%,72890,-1758,-510
526,"Standard (3, 4, 2)",16,Ena,Dis,Ena,Dis,Ena,100,169,70.4%,75335,-1834,-515
527,"Alternative (8, 44, 10)",16,Dis,Dis,Ena,Ena,Ena,200,169,75.1%,76811,-1824,-515
528,"Alternative (8, 44, 10)",16,Ena,Dis,Ena,Ena,Ena,200,169,75.1%,76811,-1824,-515
529,"Alternative (8, 44, 10)",8,Ena,Ena,Ena,Dis,Ena,50,169,71.6%,54756,-1822,-519
530,"Standard (3, 4, 2)",16,Dis,Dis,Ena,Dis,Ena,100,169,70.4%,74675,-1849,-520
531,"Alternative (8, 44, 10)",8,Dis,Dis,Ena,Ena,Dis,100,169,75.7%,70468,-1829,-524
532,"Alternative (8, 44, 10)",8,Ena,Dis,Ena,Ena,Dis,100,169,75.7%,70468,-1829,-524
533,"Standard (3, 4, 2)",8,Dis,Dis,Ena,Ena,Dis,150,169,74.0%,84838,-1855,-525
534,"Standard (3, 4, 2)",8,Ena,Dis,Ena,Ena,Dis,150,169,74.0%,84838,-1855,-525
535,"Alternative (8, 44, 10)",16,Dis,Dis,Ena,Dis,Dis,50,169,69.8%,53758,-1850,-526
536,"Standard (3, 4, 2)",8,Dis,Dis,Dis,Dis,Ena,0,169,68.6%,119881,-1841,-528
537,"Alternative (8, 44, 10)",16,Ena,Dis,Ena,Dis,Ena,50,169,69.8%,53602,-1856,-529
538,"Alternative (8, 44, 10)",16,Ena,Dis,Ena,Dis,Dis,50,169,69.8%,53602,-1856,-529
539,"Standard (3, 4, 2)",16,Dis,Dis,Dis,Dis,Ena,50,169,59.2%,83799,-1862,-534
540,"Alternative (8, 44, 10)",8,Dis,Ena,Ena,Ena,Dis,100,169,74.6%,69615,-1875,-534
541,"Standard (3, 4, 2)",16,Dis,Dis,Dis,Dis,Dis,50,169,59.2%,83799,-1862,-534
542,"Alternative (8, 44, 10)",8,Ena,Ena,Ena,Ena,Dis,100,169,74.6%,69615,-1875,-534
543,"Alternative (8, 44, 10)",16,Dis,Dis,Ena,Ena,Dis,150,169,74.6%,70326,-1909,-537
544,"Standard (3, 4, 2)",16,Ena,Dis,Ena,Dis,Ena,0,169,74.0%,84984,-1917,-537
545,"Alternative (8, 44, 10)",16,Ena,Dis,Ena,Ena,Dis,150,169,74.6%,70326,-1909,-537
546,"Alternative (8, 44, 10)",16,Dis,Ena,Ena,Dis,Dis,150,169,75.7%,67684,-1874,-539
547,"Standard (3, 4, 2)",16,Dis,Dis,Ena,Dis,Ena,0,169,74.0%,85012,-1927,-539
548,"Standard (3, 4, 2)",16,Dis,Dis,Ena,Ena,Ena,0,169,74.0%,85568,-1934,-541
549,"Standard (3, 4, 2)",16,Ena,Dis,Ena,Ena,Ena,0,169,74.0%,85568,-1934,-541
550,"Alternative (8, 44, 10)",32,Ena,Ena,Ena,Ena,Dis,100,169,72.2%,59267,-1937,-543
551,"Alternative (8, 44, 10)",32,Dis,Ena,Ena,Ena,Dis,100,169,72.2%,59267,-1937,-543
552,"Alternative (8, 44, 10)",16,Ena,Dis,Ena,Dis,Ena,150,169,75.7%,69896,-1926,-546
553,"Standard (3, 4, 2)",16,Dis,Dis,Dis,Dis,Ena,100,169,63.3%,97372,-1975,-561
554,"Standard (3, 4, 2)",16,Dis,Dis,Dis,Dis,Dis,100,169,63.3%,97372,-1975,-561
555,"Standard (3, 4, 2)",8,Dis,Dis,Dis,Dis,Ena,150,169,66.9%,110250,-1978,-562
556,"Alternative (8, 44, 10)",16,Ena,Dis,Ena,Dis,Ena,100,169,74.6%,62279,-1995,-563
557,"Standard (3, 4, 2)",8,Dis,Dis,Ena,Dis,Ena,200,169,74.0%,90441,-2016,-566
558,"Alternative (8, 44, 10)",8,Dis,Ena,Ena,Dis,Dis,150,169,78.1%,73226,-2026,-568
559,"Standard (3, 4, 2)",16,Ena,Dis,Dis,Dis,Dis,100,169,63.3%,97864,-2017,-571
560,"Standard (3, 4, 2)",8,Ena,Dis,Dis,Dis,Ena,150,169,66.9%,111118,-2009,-571
561,"Standard (3, 4, 2)",8,Dis,Dis,Dis,Dis,Dis,200,169,68.0%,117605,-2022,-574
562,"Alternative (8, 44, 10)",32,Dis,Ena,Ena,Ena,Ena,100,169,72.2%,59779,-2071,-576
563,"Alternative (8, 44, 10)",32,Ena,Ena,Ena,Ena,Ena,100,169,72.2%,59779,-2071,-576
564,"Alternative (8, 44, 10)",16,Dis,Dis,Ena,Dis,Ena,150,169,75.7%,68670,-2057,-578
565,"Alternative (8, 44, 10)",16,Dis,Dis,Ena,Dis,Dis,150,169,76.3%,69182,-2065,-582
566,"Standard (3, 4, 2)",16,Ena,Dis,Dis,Dis,Ena,100,169,63.3%,97920,-2073,-585
567,"Alternative (8, 44, 10)",16,Dis,Ena,Ena,Dis,Ena,150,169,75.1%,67368,-2062,-585
568,"Standard (3, 4, 2)",8,Dis,Dis,Dis,Ena,Dis,150,169,67.5%,112701,-2068,-585
569,"Standard (3, 4, 2)",8,Ena,Dis,Dis,Ena,Dis,150,169,67.5%,112701,-2068,-585
570,"Standard (3, 4, 2)",8,Dis,Dis,Dis,Dis,Ena,100,169,65.1%,102938,-2096,-590
571,"Alternative (8, 44, 10)",8,Dis,Dis,Ena,Dis,Dis,150,169,78.7%,73521,-2136,-593
572,"Alternative (8, 44, 10)",16,Ena,Ena,Ena,Dis,Ena,100,169,74.0%,61509,-2100,-595
573,"Standard (3, 4, 2)",8,Ena,Dis,Dis,Dis,Ena,100,169,65.1%,103574,-2156,-606
574,"Standard (3, 4, 2)",8,Dis,Dis,Dis,Ena,Ena,200,169,68.6%,121387,-2159,-607
575,"Standard (3, 4, 2)",8,Ena,Dis,Dis,Ena,Ena,200,169,68.6%,121387,-2159,-607
576,"Alternative (8, 44, 10)",16,Ena,Ena,Ena,Dis,Ena,150,169,75.1%,69462,-2151,-608
577,"Alternative (8, 44, 10)",16,Ena,Ena,Ena,Ena,Dis,200,169,75.1%,70614,-2193,-612
578,"Alternative (8, 44, 10)",16,Dis,Ena,Ena,Ena,Dis,200,169,75.1%,70614,-2193,-612
579,"Standard (3, 4, 2)",32,Ena,Dis,Dis,Dis,Dis,50,169,58.6%,82628,-2218,-623
580,"Standard (3, 4, 2)",32,Ena,Dis,Dis,Dis,Ena,50,169,58.6%,82628,-2218,-623
581,"Alternative (8, 44, 10)",16,Dis,Ena,Ena,Dis,Ena,0,169,76.3%,73786,-2222,-626
582,"Alternative (8, 44, 10)",16,Ena,Ena,Ena,Dis,Ena,0,169,76.3%,75306,-2223,-626
583,"Standard (3, 4, 2)",32,Dis,Dis,Dis,Dis,Dis,50,169,58.6%,82536,-2225,-626
584,"Standard (3, 4, 2)",32,Dis,Dis,Dis,Dis,Ena,50,169,58.6%,82536,-2225,-626
585,"Alternative (8, 44, 10)",32,Dis,Dis,Ena,Ena,Dis,100,169,72.8%,61666,-2297,-638
586,"Alternative (8, 44, 10)",16,Dis,Ena,Ena,Ena,Ena,0,169,75.1%,75046,-2296,-638
587,"Alternative (8, 44, 10)",32,Ena,Dis,Ena,Ena,Dis,100,169,72.8%,61666,-2297,-638
588,"Alternative (8, 44, 10)",8,Ena,Dis,Ena,Dis,Dis,100,169,76.9%,66262,-2313,-638
589,"Alternative (8, 44, 10)",16,Ena,Ena,Ena,Ena,Ena,0,169,75.1%,75046,-2296,-638
590,"Standard (3, 4, 2)",32,Ena,Dis,Dis,Ena,Ena,50,169,58.6%,82949,-2317,-647
591,"Standard (3, 4, 2)",32,Dis,Dis,Dis,Ena,Dis,50,169,58.6%,82949,-2317,-647
592,"Standard (3, 4, 2)",32,Dis,Dis,Dis,Ena,Ena,50,169,58.6%,82949,-2317,-647
593,"Standard (3, 4, 2)",32,Ena,Dis,Dis,Ena,Dis,50,169,58.6%,82949,-2317,-647
594,"Standard (3, 4, 2)",8,Ena,Dis,Ena,Dis,Dis,150,169,73.4%,83749,-2353,-651
595,"Alternative (8, 44, 10)",16,Dis,Dis,Ena,Ena,Dis,200,169,75.1%,72855,-2368,-653
596,"Alternative (8, 44, 10)",16,Ena,Dis,Ena,Ena,Dis,200,169,75.1%,72855,-2368,-653
597,"Alternative (8, 44, 10)",8,Ena,Ena,Ena,Dis,Dis,100,169,76.3%,65806,-2369,-654
598,"Alternative (8, 44, 10)",16,Ena,Dis,Ena,Dis,Ena,0,169,76.9%,76924,-2390,-662
599,"Alternative (8, 44, 10)",32,Ena,Dis,Ena,Ena,Ena,100,169,72.8%,62194,-2411,-667
600,"Alternative (8, 44, 10)",16,Dis,Dis,Ena,Dis,Ena,0,169,76.9%,75280,-2409,-667
601,"Alternative (8, 44, 10)",32,Dis,Dis,Ena,Ena,Ena,100,169,72.8%,62194,-2411,-667
602,"Standard (3, 4, 2)",8,Dis,Dis,Ena,Dis,Dis,150,169,73.4%,83177,-2429,-670
603,"Alternative (8, 44, 10)",32,Dis,Ena,Dis,Dis,Ena,50,169,48.5%,104461,-2434,-670
604,"Standard (3, 4, 2)",8,Dis,Dis,Dis,Dis,Dis,100,169,64.5%,102298,-2437,-675
605,"Standard (3, 4, 2)",8,Dis,Dis,Ena,Dis,Dis,200,169,74.0%,89605,-2458,-677
606,"Standard (3, 4, 2)",8,Dis,Dis,Ena,Dis,Ena,150,169,72.8%,83967,-2460,-678
607,"Alternative (8, 44, 10)",32,Dis,Ena,Dis,Dis,Dis,50,169,48.5%,103907,-2465,-678
608,"Standard (3, 4, 2)",16,Dis,Dis,Ena,Ena,Dis,200,169,74.0%,84160,-2509,-685
609,"Standard (3, 4, 2)",16,Ena,Dis,Ena,Ena,Dis,200,169,74.0%,84160,-2509,-685
610,"Standard (3, 4, 2)",16,Dis,Dis,Ena,Ena,Ena,200,169,74.0%,84328,-2515,-687
611,"Standard (3, 4, 2)",16,Ena,Dis,Ena,Ena,Ena,200,169,74.0%,84328,-2515,-687
612,"Alternative (8, 44, 10)",16,Ena,Ena,Ena,Dis,Dis,150,169,75.1%,67418,-2465,-687
613,"Alternative (8, 44, 10)",32,Ena,Ena,Dis,Dis,Ena,50,169,48.5%,104235,-2505,-688
614,"Alternative (8, 44, 10)",32,Ena,Ena,Dis,Dis,Dis,50,169,48.5%,104235,-2505,-688
615,"Standard (3, 4, 2)",8,Ena,Dis,Dis,Dis,Dis,100,169,64.5%,102638,-2489,-689
616,"Standard (3, 4, 2)",8,Ena,Dis,Ena,Dis,Ena,150,169,72.8%,84723,-2532,-696
617,"Alternative (8, 44, 10)",16,Ena,Dis,Ena,Dis,Ena,200,169,76.3%,75471,-2530,-697
618,"Alternative (8, 44, 10)",8,Dis,Dis,Ena,Dis,Ena,0,169,79.9%,81313,-2551,-698
619,"Alternative (8, 44, 10)",8,Dis,Dis,Ena,Dis,Dis,100,169,76.9%,65293,-2568,-701
620,"Alternative (8, 44, 10)",8,Dis,Ena,Ena,Dis,Dis,100,169,76.3%,65098,-2558,-701
621,"Standard (3, 4, 2)",8,Dis,Dis,Ena,Dis,Dis,100,169,71.0%,77064,-2579,-709
622,"Standard (3, 4, 2)",8,Ena,Dis,Ena,Dis,Dis,100,169,71.0%,77220,-2600,-713
623,"Standard (3, 4, 2)",8,Dis,Dis,Ena,Ena,Dis,100,169,71.0%,77663,-2602,-713
624,"Standard (3, 4, 2)",8,Ena,Dis,Ena,Ena,Dis,100,169,71.0%,77663,-2602,-713
625,"Standard (3, 4, 2)",8,Dis,Dis,Ena,Dis,Ena,100,169,71.0%,77080,-2595,-713
626,"Alternative (8, 44, 10)",16,Ena,Ena,Ena,Dis,Ena,200,169,75.7%,74077,-2587,-717
627,"Standard (3, 4, 2)",8,Ena,Dis,Dis,Dis,Dis,150,169,66.9%,109843,-2627,-725
628,"Alternative (8, 44, 10)",32,Ena,Dis,Dis,Ena,Ena,50,169,47.3%,109274,-2646,-727
629,"Alternative (8, 44, 10)",32,Dis,Dis,Dis,Ena,Ena,50,169,47.3%,109274,-2646,-727
630,"Alternative (8, 44, 10)",32,Dis,Dis,Dis,Ena,Dis,50,169,47.3%,109274,-2646,-727
631,"Alternative (8, 44, 10)",32,Ena,Dis,Dis,Ena,Dis,50,169,47.3%,109274,-2646,-727
632,"Standard (3, 4, 2)",8,Ena,Dis,Ena,Dis,Ena,0,169,74.0%,91753,-2671,-730
633,"Standard (3, 4, 2)",8,Ena,Dis,Ena,Dis,Ena,200,169,74.0%,91753,-2671,-730
634,"Alternative (8, 44, 10)",16,Ena,Dis,Ena,Dis,Dis,150,169,75.7%,68960,-2664,-731
635,"Standard (3, 4, 2)",8,Dis,Dis,Ena,Ena,Ena,100,169,71.0%,77735,-2674,-731
636,"Standard (3, 4, 2)",8,Ena,Dis,Ena,Dis,Ena,100,169,71.0%,77292,-2672,-731
637,"Standard (3, 4, 2)",8,Ena,Dis,Ena,Ena,Ena,100,169,71.0%,77735,-2674,-731
638,"Standard (3, 4, 2)",8,Dis,Dis,Ena,Ena,Ena,0,169,74.0%,92324,-2684,-732
639,"Standard (3, 4, 2)",8,Ena,Dis,Ena,Ena,Ena,0,169,74.0%,92324,-2684,-732
640,"Standard (3, 4, 2)",8,Dis,Dis,Dis,Dis,Dis,150,169,66.9%,109175,-2670,-735
641,"Alternative (8, 44, 10)",8,Dis,Ena,Ena,Dis,Ena,0,169,79.3%,81808,-2712,-741
642,"Alternative (8, 44, 10)",32,Ena,Ena,Dis,Ena,Dis,50,169,46.7%,106826,-2765,-749
643,"Alternative (8, 44, 10)",32,Dis,Ena,Dis,Ena,Ena,50,169,46.7%,106826,-2765,-749
644,"Alternative (8, 44, 10)",32,Ena,Ena,Dis,Ena,Ena,50,169,46.7%,106826,-2765,-749
645,"Alternative (8, 44, 10)",32,Dis,Ena,Dis,Ena,Dis,50,169,46.7%,106826,-2765,-749
646,"Alternative (8, 44, 10)",8,Dis,Ena,Ena,Dis,Ena,200,169,79.3%,80354,-2773,-756
647,"Standard (3, 4, 2)",8,Ena,Dis,Ena,Ena,Ena,150,169,72.8%,85322,-2789,-758
648,"Standard (3, 4, 2)",8,Dis,Dis,Ena,Ena,Ena,150,169,72.8%,85322,-2789,-758
649,"Alternative (8, 44, 10)",8,Ena,Ena,Ena,Dis,Dis,0,169,79.3%,82940,-2794,-761
650,"Alternative (8, 44, 10)",8,Ena,Dis,Ena,Ena,Dis,150,169,76.3%,78468,-2806,-768
651,"Alternative (8, 44, 10)",8,Dis,Dis,Ena,Ena,Dis,150,169,76.3%,78468,-2806,-768
652,"Alternative (8, 44, 10)",8,Dis,Ena,Ena,Ena,Dis,150,169,75.7%,77621,-2826,-770
653,"Alternative (8, 44, 10)",8,Ena,Ena,Ena,Ena,Dis,150,169,75.7%,77621,-2826,-770
654,"Standard (3, 4, 2)",8,Ena,Dis,Dis,Ena,Ena,150,169,66.9%,111860,-2817,-771
655,"Standard (3, 4, 2)",8,Dis,Dis,Dis,Ena,Ena,150,169,66.9%,111860,-2817,-771
656,"Alternative (8, 44, 10)",32,Ena,Dis,Dis,Dis,Dis,100,169,53.8%,127956,-2844,-772
657,"Alternative (8, 44, 10)",32,Ena,Ena,Dis,Dis,Dis,100,169,53.8%,126272,-2848,-773
658,"Alternative (8, 44, 10)",8,Ena,Ena,Ena,Dis,Dis,150,169,77.5%,74256,-2851,-775
659,"Alternative (8, 44, 10)",8,Ena,Dis,Ena,Dis,Dis,0,169,79.9%,82920,-2871,-778
660,"Alternative (8, 44, 10)",8,Ena,Dis,Ena,Dis,Dis,150,169,78.1%,74840,-2887,-782
661,"Standard (3, 4, 2)",8,Dis,Dis,Ena,Dis,Ena,0,169,74.0%,91349,-2924,-793
662,"Alternative (8, 44, 10)",32,Ena,Dis,Dis,Dis,Ena,100,169,53.8%,128260,-2968,-802
663,"Alternative (8, 44, 10)",16,Dis,Ena,Ena,Dis,Dis,200,169,75.7%,69652,-2942,-806
664,"Alternative (8, 44, 10)",8,Dis,Dis,Ena,Dis,Ena,200,169,79.9%,80243,-2996,-809
665,"Alternative (8, 44, 10)",32,Dis,Ena,Dis,Dis,Ena,100,169,53.3%,126535,-3002,-812
666,"Alternative (8, 44, 10)",32,Ena,Ena,Dis,Dis,Ena,100,169,53.8%,126616,-3012,-813
667,"Alternative (8, 44, 10)",32,Dis,Dis,Dis,Dis,Ena,100,169,53.3%,128243,-3013,-814
668,"Alternative (8, 44, 10)",32,Dis,Dis,Dis,Dis,Ena,50,169,47.9%,104525,-3021,-815
669,"Standard (3, 4, 2)",8,Ena,Dis,Ena,Dis,Dis,200,169,74.0%,90573,-3012,-815
670,"Alternative (8, 44, 10)",8,Ena,Dis,Ena,Ena,Ena,150,169,76.9%,80052,-3001,-816
671,"Alternative (8, 44, 10)",8,Dis,Dis,Ena,Ena,Ena,150,169,76.9%,80052,-3001,-816
672,"Standard (3, 4, 2)",8,Ena,Dis,Dis,Dis,Dis,200,169,68.0%,119349,-3019,-823
673,"Alternative (8, 44, 10)",32,Dis,Dis,Dis,Dis,Dis,50,169,47.9%,103971,-3052,-823
674,"Alternative (8, 44, 10)",8,Ena,Ena,Ena,Ena,Ena,150,169,75.7%,78417,-3051,-827
675,"Alternative (8, 44, 10)",8,Dis,Ena,Ena,Ena,Ena,150,169,75.7%,78417,-3051,-827
676,"Standard (3, 4, 2)",8,Ena,Dis,Dis,Ena,Ena,100,169,65.1%,103109,-3041,-828
677,"Standard (3, 4, 2)",8,Dis,Dis,Dis,Ena,Ena,100,169,65.1%,103109,-3041,-828
678,"Alternative (8, 44, 10)",16,Dis,Dis,Ena,Dis,Dis,200,169,76.3%,71070,-3053,-829
679,"Standard (3, 4, 2)",8,Dis,Dis,Dis,Ena,Ena,50,169,58.0%,85541,-3040,-830
680,"Standard (3, 4, 2)",8,Dis,Dis,Dis,Ena,Dis,50,169,58.0%,85541,-3040,-830
681,"Standard (3, 4, 2)",8,Ena,Dis,Dis,Ena,Ena,50,169,58.0%,85541,-3040,-830
682,"Alternative (8, 44, 10)",32,Ena,Dis,Dis,Dis,Dis,50,169,47.9%,104295,-3079,-830
683,"Alternative (8, 44, 10)",32,Ena,Dis,Dis,Dis,Ena,50,169,47.9%,104295,-3079,-830
684,"Standard (3, 4, 2)",8,Ena,Dis,Dis,Ena,Dis,50,169,58.0%,85541,-3040,-830
685,"Standard (3, 4, 2)",8,Dis,Dis,Dis,Dis,Dis,50,169,58.0%,84623,-3067,-835
686,"Standard (3, 4, 2)",8,Dis,Dis,Dis,Dis,Ena,50,169,58.0%,84623,-3067,-835
687,"Standard (3, 4, 2)",8,Ena,Dis,Dis,Dis,Ena,50,169,58.0%,85055,-3085,-840
688,"Standard (3, 4, 2)",8,Ena,Dis,Dis,Dis,Dis,50,169,58.0%,85055,-3085,-840
689,"Standard (3, 4, 2)",8,Dis,Dis,Dis,Ena,Dis,0,169,68.0%,122006,-3099,-843
690,"Standard (3, 4, 2)",8,Ena,Dis,Dis,Ena,Dis,0,169,68.0%,122006,-3099,-843
691,"Standard (3, 4, 2)",8,Ena,Dis,Dis,Dis,Dis,0,169,68.0%,119877,-3169,-860
692,"Alternative (8, 44, 10)",32,Ena,Ena,Dis,Ena,Dis,100,169,52.7%,129208,-3275,-873
693,"Alternative (8, 44, 10)",32,Dis,Ena,Dis,Ena,Dis,100,169,52.7%,129208,-3275,-873
694,"Alternative (8, 44, 10)",8,Ena,Ena,Ena,Dis,Dis,200,169,78.7%,81145,-3249,-874
695,"Standard (3, 4, 2)",8,Dis,Dis,Dis,Dis,Dis,0,169,68.0%,119409,-3286,-890
696,"Alternative (8, 44, 10)",8,Dis,Ena,Ena,Dis,Ena,100,169,75.7%,65103,-3314,-891
697,"Alternative (8, 44, 10)",8,Ena,Dis,Ena,Dis,Dis,200,169,79.3%,81125,-3326,-892
698,"Alternative (8, 44, 10)",8,Ena,Dis,Ena,Dis,Ena,150,169,78.7%,76338,-3329,-893
699,"Standard (3, 4, 2)",8,Dis,Dis,Dis,Ena,Dis,100,169,64.5%,102169,-3316,-897
700,"Standard (3, 4, 2)",8,Ena,Dis,Dis,Ena,Dis,100,169,64.5%,102169,-3316,-897
701,"Alternative (8, 44, 10)",8,Dis,Ena,Ena,Dis,Ena,150,169,78.1%,71332,-3351,-900
702,"Alternative (8, 44, 10)",8,Ena,Ena,Ena,Ena,Ena,100,169,73.4%,69560,-3347,-901
703,"Alternative (8, 44, 10)",8,Dis,Ena,Ena,Ena,Ena,100,169,73.4%,69560,-3347,-901
704,"Standard (3, 4, 2)",8,Ena,Dis,Ena,Dis,Dis,0,169,74.0%,91229,-3362,-903
705,"Standard (3, 4, 2)",8,Dis,Dis,Ena,Ena,Dis,0,169,74.0%,91796,-3371,-904
706,"Alternative (8, 44, 10)",32,Ena,Ena,Dis,Ena,Ena,100,169,52.7%,129368,-3399,-904
707,"Standard (3, 4, 2)",8,Ena,Dis,Ena,Ena,Dis,0,169,74.0%,91796,-3371,-904
708,"Alternative (8, 44, 10)",32,Dis,Ena,Dis,Ena,Ena,100,169,52.7%,129368,-3399,-904
709,"Alternative (8, 44, 10)",8,Ena,Ena,Ena,Dis,Ena,150,169,78.1%,76434,-3373,-907
710,"Alternative (8, 44, 10)",8,Dis,Dis,Ena,Dis,Ena,150,169,78.7%,71717,-3416,-914
711,"Alternative (8, 44, 10)",32,Dis,Ena,Dis,Dis,Dis,100,169,53.3%,125523,-3481,-933
712,"Standard (3, 4, 2)",8,Dis,Dis,Ena,Ena,Ena,200,169,74.0%,91176,-3492,-934
713,"Standard (3, 4, 2)",8,Ena,Dis,Ena,Ena,Ena,200,169,74.0%,91176,-3492,-934
714,"Alternative (8, 44, 10)",32,Dis,Dis,Dis,Dis,Dis,100,169,53.3%,127231,-3492,-935
715,"Standard (3, 4, 2)",8,Dis,Dis,Ena,Dis,Dis,0,169,74.0%,91057,-3550,-950
716,"Alternative (8, 44, 10)",32,Ena,Dis,Dis,Ena,Dis,100,169,52.7%,131918,-3595,-960
717,"Alternative (8, 44, 10)",32,Dis,Dis,Dis,Ena,Dis,100,169,52.7%,131918,-3595,-960
718,"Alternative (8, 44, 10)",8,Dis,Dis,Ena,Dis,Ena,100,169,75.7%,65015,-3698,-984
719,"Alternative (8, 44, 10)",8,Ena,Dis,Ena,Dis,Ena,0,169,79.3%,84123,-3689,-984
720,"Alternative (8, 44, 10)",32,Dis,Dis,Dis,Ena,Ena,100,169,52.7%,132070,-3711,-990
721,"Alternative (8, 44, 10)",32,Ena,Dis,Dis,Ena,Ena,100,169,52.7%,132070,-3711,-990
722,"Alternative (8, 44, 10)",8,Ena,Ena,Ena,Ena,Dis,0,169,76.9%,85317,-3749,-1000
723,"Alternative (8, 44, 10)",8,Dis,Ena,Ena,Ena,Dis,0,169,76.9%,85317,-3749,-1000
724,"Alternative (8, 44, 10)",16,Ena,Ena,Dis,Dis,Dis,50,169,46.2%,107613,-3743,-1004
725,"Alternative (8, 44, 10)",16,Dis,Ena,Dis,Dis,Dis,50,169,46.2%,106678,-3747,-1005
726,"Alternative (8, 44, 10)",8,Ena,Ena,Ena,Dis,Ena,200,169,78.7%,82389,-3778,-1009
727,"Standard (3, 4, 2)",8,Dis,Dis,Dis,Ena,Dis,200,169,68.0%,120267,-3766,-1010
728,"Standard (3, 4, 2)",8,Ena,Dis,Dis,Ena,Dis,200,169,68.0%,120267,-3766,-1010
729,"Alternative (8, 44, 10)",16,Dis,Ena,Dis,Dis,Ena,50,169,46.2%,106542,-3773,-1011
730,"Alternative (8, 44, 10)",8,Dis,Dis,Ena,Ena,Ena,100,169,74.0%,70207,-3782,-1012
731,"Alternative (8, 44, 10)",8,Ena,Dis,Ena,Ena,Ena,100,169,74.0%,70207,-3782,-1012
732,"Alternative (8, 44, 10)",16,Ena,Ena,Dis,Dis,Ena,50,169,46.2%,107573,-3793,-1016
733,"Standard (3, 4, 2)",8,Ena,Dis,Ena,Ena,Dis,200,169,74.0%,89992,-3829,-1018
734,"Standard (3, 4, 2)",8,Dis,Dis,Ena,Ena,Dis,200,169,74.0%,89992,-3829,-1018
735,"Alternative (8, 44, 10)",8,Ena,Dis,Ena,Dis,Ena,200,169,79.3%,82413,-3854,-1025
736,"Alternative (8, 44, 10)",16,Dis,Ena,Dis,Ena,Ena,50,169,45.0%,112345,-3931,-1039
737,"Alternative (8, 44, 10)",16,Dis,Ena,Dis,Ena,Dis,50,169,45.0%,112345,-3931,-1039
738,"Alternative (8, 44, 10)",16,Ena,Ena,Dis,Ena,Dis,50,169,45.0%,112345,-3931,-1039
739,"Alternative (8, 44, 10)",16,Ena,Ena,Dis,Ena,Ena,50,169,45.0%,112345,-3931,-1039
740,"Alternative (8, 44, 10)",8,Ena,Dis,Ena,Ena,Dis,200,169,76.9%,83229,-3901,-1041
741,"Alternative (8, 44, 10)",8,Dis,Dis,Ena,Ena,Dis,200,169,76.9%,83229,-3901,-1041
742,"Alternative (8, 44, 10)",8,Dis,Ena,Ena,Dis,Dis,0,169,78.7%,80269,-3921,-1042
743,"Alternative (8, 44, 10)",8,Ena,Ena,Ena,Dis,Ena,100,169,75.1%,65490,-3913,-1042
744,"Alternative (8, 44, 10)",16,Dis,Dis,Dis,Dis,Ena,100,169,54.4%,135758,-3960,-1057
745,"Alternative (8, 44, 10)",16,Dis,Ena,Dis,Dis,Ena,100,169,54.4%,134065,-3964,-1057
746,"Alternative (8, 44, 10)",8,Dis,Ena,Dis,Dis,Dis,50,169,49.7%,111010,-4016,-1066
747,"Alternative (8, 44, 10)",8,Ena,Ena,Ena,Ena,Dis,200,169,76.3%,82460,-4032,-1071
748,"Alternative (8, 44, 10)",8,Dis,Ena,Ena,Ena,Dis,200,169,76.3%,82460,-4032,-1071
749,"Alternative (8, 44, 10)",8,Ena,Ena,Ena,Dis,Ena,0,169,78.7%,84515,-4029,-1072
750,"Alternative (8, 44, 10)",16,Dis,Ena,Dis,Ena,Ena,150,169,55.0%,155946,-4061,-1073
751,"Alternative (8, 44, 10)",8,Ena,Ena,Ena,Ena,Ena,200,169,76.3%,86228,-4038,-1073
752,"Alternative (8, 44, 10)",16,Ena,Ena,Dis,Ena,Ena,150,169,55.0%,155946,-4061,-1073
753,"Alternative (8, 44, 10)",8,Dis,Ena,Ena,Ena,Ena,200,169,76.3%,86228,-4038,-1073
754,"Alternative (8, 44, 10)",8,Dis,Ena,Dis,Dis,Ena,50,169,49.7%,110957,-4071,-1080
755,"Alternative (8, 44, 10)",32,Ena,Ena,Dis,Ena,Dis,150,169,54.4%,137795,-4156,-1093
756,"Alternative (8, 44, 10)",32,Dis,Ena,Dis,Ena,Dis,150,169,54.4%,137795,-4156,-1093
757,"Alternative (8, 44, 10)",8,Dis,Dis,Ena,Dis,Dis,0,169,79.3%,80028,-4149,-1097
758,"Alternative (8, 44, 10)",16,Dis,Dis,Dis,Ena,Dis,50,169,45.0%,113184,-4189,-1113
759,"Alternative (8, 44, 10)",16,Ena,Dis,Dis,Ena,Ena,50,169,45.0%,113184,-4189,-1113
760,"Alternative (8, 44, 10)",16,Dis,Dis,Dis,Ena,Ena,50,169,45.0%,113184,-4189,-1113
761,"Alternative (8, 44, 10)",16,Ena,Dis,Dis,Ena,Dis,50,169,45.0%,113184,-4189,-1113
762,"Alternative (8, 44, 10)",8,Ena,Dis,Ena,Dis,Ena,100,169,75.1%,65617,-4230,-1118
763,"Alternative (8, 44, 10)",32,Dis,Dis,Dis,Ena,Dis,150,169,54.4%,140525,-4271,-1128
764,"Alternative (8, 44, 10)",32,Ena,Dis,Dis,Ena,Dis,150,169,54.4%,140525,-4271,-1128
765,"Alternative (8, 44, 10)",8,Dis,Dis,Dis,Dis,Dis,50,169,49.1%,110126,-4342,-1150
766,"Alternative (8, 44, 10)",8,Dis,Dis,Ena,Dis,Dis,200,169,78.7%,77985,-4368,-1152
767,"Alternative (8, 44, 10)",16,Dis,Dis,Dis,Dis,Dis,100,169,53.8%,134195,-4368,-1159
768,"Alternative (8, 44, 10)",8,Dis,Dis,Dis,Dis,Ena,50,169,49.1%,110073,-4397,-1164
769,"Alternative (8, 44, 10)",16,Ena,Dis,Dis,Dis,Ena,100,169,54.4%,136422,-4396,-1165
770,"Alternative (8, 44, 10)",16,Dis,Ena,Dis,Dis,Dis,100,169,53.8%,132322,-4408,-1168
771,"Alternative (8, 44, 10)",8,Dis,Ena,Dis,Ena,Dis,100,169,57.4%,151558,-4503,-1190
772,"Alternative (8, 44, 10)",8,Ena,Ena,Dis,Ena,Dis,100,169,57.4%,151558,-4503,-1190
773,"Alternative (8, 44, 10)",8,Ena,Ena,Dis,Dis,Dis,50,169,48.5%,110087,-4551,-1196
774,"Alternative (8, 44, 10)",16,Ena,Dis,Dis,Dis,Dis,50,169,45.0%,107648,-4529,-1198
775,"Alternative (8, 44, 10)",16,Dis,Dis,Dis,Dis,Dis,50,169,45.0%,106429,-4537,-1201
776,"Alternative (8, 44, 10)",8,Ena,Ena,Dis,Dis,Ena,50,169,48.5%,110119,-4583,-1204
777,"Alternative (8, 44, 10)",16,Ena,Dis,Dis,Dis,Ena,150,169,55.6%,151999,-4560,-1206
778,"Alternative (8, 44, 10)",16,Dis,Dis,Dis,Dis,Ena,50,169,45.0%,106293,-4563,-1207
779,"Alternative (8, 44, 10)",8,Ena,Dis,Dis,Ena,Dis,150,169,61.5%,172006,-4577,-1209
780,"Alternative (8, 44, 10)",8,Dis,Dis,Dis,Ena,Dis,150,169,61.5%,172006,-4577,-1209
781,"Alternative (8, 44, 10)",16,Ena,Dis,Dis,Dis,Ena,50,169,45.0%,107608,-4579,-1210
782,"Alternative (8, 44, 10)",16,Ena,Ena,Dis,Dis,Ena,100,169,54.4%,134801,-4613,-1218
783,"Alternative (8, 44, 10)",16,Ena,Ena,Dis,Ena,Ena,100,169,53.3%,139936,-4643,-1219
784,"Alternative (8, 44, 10)",16,Dis,Ena,Dis,Ena,Ena,100,169,53.3%,139936,-4643,-1219
785,"Alternative (8, 44, 10)",8,Ena,Dis,Dis,Ena,Dis,100,169,57.4%,153721,-4633,-1221
786,"Alternative (8, 44, 10)",8,Dis,Dis,Dis,Ena,Dis,100,169,57.4%,153721,-4633,-1221
787,"Alternative (8, 44, 10)",8,Dis,Dis,Ena,Ena,Ena,0,169,76.9%,87809,-4629,-1222
788,"Alternative (8, 44, 10)",8,Ena,Dis,Ena,Ena,Ena,0,169,76.9%,87809,-4629,-1222
789,"Alternative (8, 44, 10)",16,Ena,Dis,Dis,Dis,Dis,100,169,53.8%,135721,-4667,-1231
790,"Alternative (8, 44, 10)",8,Dis,Dis,Dis,Ena,Dis,50,169,46.7%,119759,-4679,-1233
791,"Alternative (8, 44, 10)",8,Ena,Dis,Dis,Ena,Dis,50,169,46.7%,119759,-4679,-1233
792,"Alternative (8, 44, 10)",8,Dis,Dis,Ena,Ena,Dis,0,169,76.9%,84497,-4683,-1236
793,"Alternative (8, 44, 10)",8,Ena,Dis,Ena,Ena,Dis,0,169,76.9%,84497,-4683,-1236
794,"Alternative (8, 44, 10)",8,Dis,Dis,Dis,Ena,Ena,50,169,46.7%,119831,-4751,-1251
795,"Alternative (8, 44, 10)",8,Ena,Dis,Dis,Ena,Ena,50,169,46.7%,119831,-4751,-1251
796,"Alternative (8, 44, 10)",32,Ena,Dis,Dis,Dis,Dis,150,169,55.0%,135281,-4760,-1252
797,"Alternative (8, 44, 10)",8,Dis,Dis,Ena,Ena,Ena,200,169,76.9%,86419,-4754,-1254
798,"Alternative (8, 44, 10)",8,Ena,Dis,Ena,Ena,Ena,200,169,76.9%,86419,-4754,-1254
799,"Alternative (8, 44, 10)",16,Ena,Ena,Dis,Dis,Dis,100,169,53.8%,133848,-4794,-1263
800,"Alternative (8, 44, 10)",32,Ena,Ena,Dis,Dis,Dis,150,169,55.0%,133677,-4808,-1263
801,"Alternative (8, 44, 10)",8,Dis,Ena,Ena,Dis,Dis,200,169,78.1%,78258,-4826,-1269
802,"Alternative (8, 44, 10)",16,Dis,Ena,Dis,Ena,Dis,100,169,52.7%,138489,-4864,-1273
803,"Alternative (8, 44, 10)",16,Ena,Ena,Dis,Ena,Dis,100,169,52.7%,138489,-4864,-1273
804,"Alternative (8, 44, 10)",8,Ena,Ena,Dis,Ena,Dis,50,169,47.3%,116256,-4847,-1274
805,"Alternative (8, 44, 10)",8,Dis,Ena,Dis,Ena,Dis,50,169,47.3%,116256,-4847,-1274
806,"Alternative (8, 44, 10)",8,Ena,Dis,Dis,Dis,Dis,50,169,48.5%,110043,-4868,-1278
807,"Alternative (8, 44, 10)",16,Dis,Dis,Dis,Ena,Ena,100,169,53.3%,142755,-4877,-1285
808,"Alternative (8, 44, 10)",16,Ena,Dis,Dis,Ena,Ena,100,169,53.3%,142755,-4877,-1285
809,"Alternative (8, 44, 10)",8,Ena,Dis,Dis,Dis,Ena,50,169,48.5%,110075,-4900,-1286
810,"Alternative (8, 44, 10)",8,Ena,Ena,Dis,Ena,Ena,50,169,47.3%,116360,-4951,-1300
811,"Alternative (8, 44, 10)",8,Dis,Ena,Dis,Ena,Ena,50,169,47.3%,116360,-4951,-1300
812,"Alternative (8, 44, 10)",8,Ena,Ena,Dis,Dis,Dis,100,169,59.2%,145453,-4971,-1303
813,"Alternative (8, 44, 10)",16,Dis,Dis,Dis,Ena,Dis,100,169,52.7%,141096,-4967,-1307
814,"Alternative (8, 44, 10)",16,Ena,Dis,Dis,Ena,Dis,100,169,52.7%,141096,-4967,-1307
815,"Alternative (8, 44, 10)",8,Ena,Ena,Ena,Ena,Ena,0,169,76.3%,87188,-4998,-1313
816,"Alternative (8, 44, 10)",8,Dis,Ena,Ena,Ena,Ena,0,169,76.3%,87188,-4998,-1313
817,"Alternative (8, 44, 10)",8,Dis,Dis,Dis,Dis,Dis,150,169,62.1%,165530,-4982,-1313
818,"Alternative (8, 44, 10)",32,Ena,Ena,Dis,Dis,Dis,200,169,55.6%,146497,-5091,-1333
819,"Alternative (8, 44, 10)",8,Dis,Ena,Dis,Dis,Dis,150,169,62.1%,164183,-5101,-1336
820,"Alternative (8, 44, 10)",32,Dis,Dis,Dis,Ena,Ena,150,169,53.8%,144285,-5103,-1337
821,"Alternative (8, 44, 10)",32,Ena,Dis,Dis,Ena,Ena,150,169,53.8%,144285,-5103,-1337
822,"Alternative (8, 44, 10)",32,Ena,Dis,Dis,Dis,Dis,200,169,55.6%,148201,-5152,-1348
823,"Alternative (8, 44, 10)",16,Dis,Dis,Dis,Dis,Ena,150,169,55.0%,150442,-5198,-1368
824,"Alternative (8, 44, 10)",16,Dis,Ena,Dis,Dis,Ena,150,169,55.0%,148347,-5235,-1376
825,"Alternative (8, 44, 10)",32,Dis,Ena,Dis,Dis,Dis,150,169,54.4%,132527,-5266,-1378
826,"Alternative (8, 44, 10)",16,Ena,Ena,Dis,Dis,Ena,150,169,55.0%,148912,-5246,-1378
827,"Alternative (8, 44, 10)",32,Dis,Dis,Dis,Dis,Dis,150,169,54.4%,134139,-5307,-1387
828,"Alternative (8, 44, 10)",8,Ena,Dis,Dis,Dis,Dis,100,169,59.8%,146292,-5364,-1403
829,"Alternative (8, 44, 10)",8,Ena,Dis,Dis,Dis,Dis,150,169,63.3%,164868,-5394,-1411
830,"Alternative (8, 44, 10)",32,Dis,Ena,Dis,Ena,Ena,150,169,53.8%,139661,-5461,-1419
831,"Alternative (8, 44, 10)",32,Ena,Ena,Dis,Ena,Ena,150,169,53.8%,139661,-5461,-1419
832,"Alternative (8, 44, 10)",16,Dis,Dis,Dis,Ena,Ena,150,169,54.4%,155790,-5595,-1465
833,"Alternative (8, 44, 10)",16,Ena,Dis,Dis,Ena,Ena,150,169,54.4%,155790,-5595,-1465
834,"Alternative (8, 44, 10)",32,Dis,Dis,Dis,Dis,Ena,200,169,55.6%,148469,-5675,-1478
835,"Alternative (8, 44, 10)",8,Ena,Ena,Dis,Ena,Dis,150,169,60.4%,168701,-5663,-1480
836,"Alternative (8, 44, 10)",8,Dis,Ena,Dis,Ena,Dis,150,169,60.4%,168701,-5663,-1480
837,"Alternative (8, 44, 10)",32,Dis,Ena,Dis,Dis,Ena,200,169,55.6%,146767,-5682,-1481
838,"Alternative (8, 44, 10)",16,Ena,Ena,Dis,Ena,Dis,150,169,54.4%,152733,-5717,-1486
839,"Alternative (8, 44, 10)",16,Dis,Ena,Dis,Ena,Dis,150,169,54.4%,152733,-5717,-1486
840,"Alternative (8, 44, 10)",32,Ena,Dis,Dis,Dis,Ena,150,169,54.4%,136159,-5788,-1506
841,"Alternative (8, 44, 10)",32,Ena,Ena,Dis,Ena,Dis,200,169,55.0%,147838,-5880,-1525
842,"Alternative (8, 44, 10)",32,Dis,Ena,Dis,Ena,Dis,200,169,55.0%,147838,-5880,-1525
843,"Alternative (8, 44, 10)",32,Dis,Dis,Dis,Dis,Ena,150,169,54.4%,136097,-5861,-1525
844,"Alternative (8, 44, 10)",32,Ena,Ena,Dis,Ena,Dis,0,169,55.6%,152684,-5896,-1531
845,"Alternative (8, 44, 10)",32,Dis,Ena,Dis,Ena,Dis,0,169,55.6%,152684,-5896,-1531
846,"Alternative (8, 44, 10)",32,Dis,Ena,Dis,Dis,Dis,200,169,55.6%,143395,-5940,-1545
847,"Alternative (8, 44, 10)",32,Ena,Ena,Dis,Dis,Dis,0,169,56.2%,149657,-5956,-1549
848,"Alternative (8, 44, 10)",32,Dis,Ena,Dis,Dis,Ena,150,169,54.4%,134757,-5966,-1552
849,"Alternative (8, 44, 10)",32,Dis,Dis,Dis,Dis,Dis,200,169,55.6%,145167,-6015,-1564
850,"Alternative (8, 44, 10)",32,Dis,Ena,Dis,Dis,Ena,0,169,55.6%,150108,-6050,-1573
851,"Alternative (8, 44, 10)",32,Ena,Dis,Dis,Ena,Dis,200,169,55.0%,150724,-6088,-1583
852,"Alternative (8, 44, 10)",32,Dis,Dis,Dis,Ena,Dis,200,169,55.0%,150724,-6088,-1583
853,"Alternative (8, 44, 10)",32,Dis,Ena,Dis,Dis,Dis,0,169,56.2%,148801,-6090,-1584
854,"Alternative (8, 44, 10)",32,Ena,Dis,Dis,Ena,Dis,0,169,55.6%,155578,-6103,-1587
855,"Alternative (8, 44, 10)",32,Dis,Dis,Dis,Ena,Dis,0,169,55.6%,155578,-6103,-1587
856,"Alternative (8, 44, 10)",32,Ena,Ena,Dis,Dis,Ena,150,169,54.4%,135411,-6116,-1588
857,"Alternative (8, 44, 10)",32,Dis,Dis,Dis,Dis,Ena,0,169,55.6%,152002,-6235,-1618
858,"Alternative (8, 44, 10)",8,Ena,Ena,Dis,Dis,Dis,150,169,62.1%,161476,-6252,-1621
859,"Alternative (8, 44, 10)",8,Dis,Ena,Dis,Dis,Dis,100,169,58.0%,139349,-6271,-1633
860,"Alternative (8, 44, 10)",16,Dis,Ena,Dis,Dis,Dis,150,169,54.4%,146820,-6426,-1671
861,"Alternative (8, 44, 10)",16,Ena,Ena,Dis,Ena,Ena,200,169,55.0%,163152,-6452,-1672
862,"Alternative (8, 44, 10)",16,Dis,Ena,Dis,Ena,Ena,200,169,55.0%,163152,-6452,-1672
863,"Alternative (8, 44, 10)",32,Ena,Ena,Dis,Dis,Ena,200,169,55.6%,147471,-6491,-1681
864,"Alternative (8, 44, 10)",8,Dis,Dis,Dis,Ena,Ena,100,169,56.2%,150794,-6482,-1683
865,"Alternative (8, 44, 10)",8,Ena,Dis,Dis,Ena,Ena,100,169,56.2%,150794,-6482,-1683
866,"Alternative (8, 44, 10)",32,Ena,Dis,Dis,Dis,Ena,200,169,55.6%,149361,-6528,-1691
867,"Alternative (8, 44, 10)",32,Ena,Ena,Dis,Ena,Ena,200,169,55.0%,150614,-6574,-1698
868,"Alternative (8, 44, 10)",32,Dis,Ena,Dis,Ena,Ena,200,169,55.0%,150614,-6574,-1698
869,"Alternative (8, 44, 10)",16,Ena,Dis,Dis,Ena,Dis,150,169,53.8%,154937,-6554,-1704
870,"Alternative (8, 44, 10)",16,Dis,Dis,Dis,Ena,Dis,150,169,53.8%,154937,-6554,-1704
871,"Alternative (8, 44, 10)",16,Dis,Dis,Dis,Dis,Dis,150,169,54.4%,149101,-6569,-1708
872,"Alternative (8, 44, 10)",8,Dis,Dis,Dis,Dis,Dis,100,169,58.0%,139232,-6632,-1726
873,"Alternative (8, 44, 10)",32,Dis,Dis,Dis,Ena,Ena,200,169,55.0%,153638,-6683,-1733
874,"Alternative (8, 44, 10)",32,Ena,Dis,Dis,Ena,Ena,200,169,55.0%,153638,-6683,-1733
875,"Alternative (8, 44, 10)",8,Ena,Ena,Dis,Ena,Ena,100,169,56.2%,149193,-6683,-1734
876,"Alternative (8, 44, 10)",8,Dis,Ena,Dis,Ena,Ena,100,169,56.2%,149193,-6683,-1734
877,"Alternative (8, 44, 10)",8,Ena,Ena,Dis,Ena,Ena,200,169,62.7%,184649,-6810,-1766
878,"Alternative (8, 44, 10)",8,Dis,Ena,Dis,Ena,Ena,200,169,62.7%,184649,-6810,-1766
879,"Alternative (8, 44, 10)",8,Dis,Dis,Dis,Ena,Ena,200,169,63.9%,187745,-6817,-1767
880,"Alternative (8, 44, 10)",8,Ena,Dis,Dis,Ena,Ena,200,169,63.9%,187745,-6817,-1767
881,"Alternative (8, 44, 10)",8,Dis,Ena,Dis,Dis,Ena,100,169,57.4%,138371,-6892,-1785
882,"Alternative (8, 44, 10)",8,Dis,Dis,Dis,Dis,Dis,0,169,63.9%,181072,-6895,-1791
883,"Alternative (8, 44, 10)",16,Ena,Ena,Dis,Dis,Dis,150,169,55.0%,148913,-6912,-1793
884,"Alternative (8, 44, 10)",32,Ena,Ena,Dis,Ena,Ena,0,169,55.0%,154383,-6956,-1795
885,"Alternative (8, 44, 10)",32,Dis,Ena,Dis,Ena,Ena,0,169,55.0%,154383,-6956,-1795
886,"Alternative (8, 44, 10)",32,Ena,Dis,Dis,Dis,Dis,0,169,55.6%,150545,-6947,-1798
887,"Alternative (8, 44, 10)",8,Ena,Ena,Dis,Dis,Ena,100,169,58.0%,142642,-6978,-1803
888,"Alternative (8, 44, 10)",8,Dis,Ena,Dis,Dis,Dis,0,169,63.9%,179938,-6987,-1808
889,"Alternative (8, 44, 10)",16,Ena,Dis,Dis,Dis,Dis,150,169,55.0%,151238,-7012,-1819
890,"Alternative (8, 44, 10)",16,Ena,Dis,Dis,Dis,Dis,0,169,56.8%,167457,-7055,-1830
891,"Alternative (8, 44, 10)",32,Dis,Dis,Dis,Dis,Dis,0,169,55.6%,149749,-7105,-1836
892,"Alternative (8, 44, 10)",32,Ena,Dis,Dis,Ena,Ena,0,169,55.0%,157359,-7125,-1845
893,"Alternative (8, 44, 10)",32,Dis,Dis,Dis,Ena,Ena,0,169,55.0%,157359,-7125,-1845
894,"Alternative (8, 44, 10)",8,Dis,Dis,Dis,Ena,Ena,0,169,63.9%,191694,-7214,-1866
895,"Alternative (8, 44, 10)",8,Ena,Dis,Dis,Ena,Ena,0,169,63.9%,191694,-7214,-1866
896,"Alternative (8, 44, 10)",32,Ena,Dis,Dis,Dis,Ena,0,169,55.6%,153594,-7365,-1901
897,"Alternative (8, 44, 10)",16,Dis,Ena,Dis,Ena,Ena,0,169,55.6%,166681,-7437,-1918
898,"Alternative (8, 44, 10)",16,Ena,Ena,Dis,Ena,Ena,0,169,55.6%,166681,-7437,-1918
899,"Alternative (8, 44, 10)",16,Dis,Ena,Dis,Dis,Dis,0,169,56.8%,164120,-7419,-1920
900,"Alternative (8, 44, 10)",8,Ena,Dis,Dis,Dis,Ena,100,169,58.0%,142487,-7466,-1926
901,"Alternative (8, 44, 10)",16,Dis,Ena,Dis,Ena,Dis,200,169,55.6%,160995,-7505,-1934
902,"Alternative (8, 44, 10)",16,Ena,Ena,Dis,Ena,Dis,200,169,55.6%,160995,-7505,-1934
903,"Alternative (8, 44, 10)",16,Dis,Dis,Dis,Dis,Dis,0,169,56.8%,166315,-7482,-1937
904,"Alternative (8, 44, 10)",8,Dis,Dis,Dis,Ena,Ena,150,169,60.9%,173254,-7523,-1943
905,"Alternative (8, 44, 10)",8,Ena,Dis,Dis,Ena,Ena,150,169,60.9%,173254,-7523,-1943
906,"Alternative (8, 44, 10)",16,Dis,Dis,Dis,Dis,Ena,200,169,55.0%,159134,-7539,-1953
907,"Alternative (8, 44, 10)",16,Ena,Ena,Dis,Dis,Dis,200,169,56.2%,160468,-7559,-1953
908,"Alternative (8, 44, 10)",16,Ena,Dis,Dis,Ena,Ena,200,169,54.4%,166138,-7546,-1954
909,"Alternative (8, 44, 10)",16,Dis,Dis,Dis,Ena,Ena,200,169,54.4%,166138,-7546,-1954
910,"Alternative (8, 44, 10)",16,Ena,Dis,Dis,Dis,Dis,200,169,56.2%,162619,-7563,-1956
911,"Alternative (8, 44, 10)",8,Dis,Dis,Dis,Dis,Dis,200,169,62.7%,173876,-7586,-1963
912,"Alternative (8, 44, 10)",16,Dis,Ena,Dis,Dis,Ena,200,169,55.0%,157071,-7608,-1969
913,"Alternative (8, 44, 10)",8,Ena,Dis,Dis,Ena,Dis,200,169,62.7%,183169,-7631,-1975
914,"Alternative (8, 44, 10)",8,Dis,Dis,Dis,Ena,Dis,200,169,62.7%,183169,-7631,-1975
915,"Alternative (8, 44, 10)",16,Ena,Ena,Dis,Ena,Dis,0,169,55.6%,165657,-7697,-1981
916,"Alternative (8, 44, 10)",16,Dis,Ena,Dis,Ena,Dis,0,169,55.6%,165657,-7697,-1981
917,"Alternative (8, 44, 10)",16,Ena,Dis,Dis,Dis,Ena,200,169,55.6%,161185,-7662,-1982
918,"Alternative (8, 44, 10)",8,Dis,Ena,Dis,Dis,Dis,200,169,62.7%,172257,-7703,-1986
919,"Alternative (8, 44, 10)",8,Dis,Ena,Dis,Ena,Dis,200,169,62.1%,181430,-7694,-1989
920,"Alternative (8, 44, 10)",8,Ena,Ena,Dis,Ena,Dis,200,169,62.1%,181430,-7694,-1989
921,"Alternative (8, 44, 10)",8,Dis,Dis,Dis,Dis,Ena,100,169,56.8%,137384,-7703,-1990
922,"Alternative (8, 44, 10)",8,Dis,Ena,Dis,Ena,Ena,150,169,60.4%,169739,-7766,-2006
923,"Alternative (8, 44, 10)",8,Ena,Ena,Dis,Ena,Ena,150,169,60.4%,169739,-7766,-2006
924,"Alternative (8, 44, 10)",16,Ena,Ena,Dis,Dis,Ena,200,169,55.6%,159202,-7835,-2026
925,"Alternative (8, 44, 10)",16,Ena,Ena,Dis,Dis,Dis,0,169,56.8%,164056,-7997,-2065
926,"Alternative (8, 44, 10)",8,Ena,Ena,Dis,Dis,Dis,200,169,63.3%,175533,-8216,-2113
927,"Alternative (8, 44, 10)",32,Ena,Ena,Dis,Dis,Ena,0,169,55.6%,149931,-8276,-2128
928,"Alternative (8, 44, 10)",16,Dis,Dis,Dis,Ena,Ena,0,169,55.0%,169411,-8275,-2136
929,"Alternative (8, 44, 10)",16,Ena,Dis,Dis,Ena,Ena,0,169,55.0%,169411,-8275,-2136
930,"Alternative (8, 44, 10)",16,Dis,Ena,Dis,Dis,Ena,0,169,55.6%,160164,-8311,-2145
931,"Alternative (8, 44, 10)",8,Ena,Ena,Dis,Ena,Ena,0,169,63.3%,190841,-8343,-2149
932,"Alternative (8, 44, 10)",8,Dis,Ena,Dis,Ena,Ena,0,169,63.3%,190841,-8343,-2149
933,"Alternative (8, 44, 10)",8,Ena,Dis,Dis,Dis,Dis,200,169,63.9%,177332,-8405,-2165
934,"Alternative (8, 44, 10)",16,Dis,Dis,Dis,Dis,Ena,0,169,55.6%,162451,-8466,-2185
935,"Alternative (8, 44, 10)",16,Ena,Ena,Dis,Dis,Ena,0,169,56.2%,162191,-8487,-2189
936,"Alternative (8, 44, 10)",16,Ena,Dis,Dis,Dis,Ena,0,169,56.2%,164366,-8506,-2193
937,"Alternative (8, 44, 10)",8,Dis,Dis,Dis,Dis,Ena,0,169,63.9%,182169,-8529,-2197
938,"Alternative (8, 44, 10)",16,Dis,Dis,Dis,Ena,Dis,200,169,55.0%,163729,-8572,-2209
939,"Alternative (8, 44, 10)",16,Ena,Dis,Dis,Ena,Dis,200,169,55.0%,163729,-8572,-2209
940,"Alternative (8, 44, 10)",8,Ena,Ena,Dis,Dis,Ena,150,169,60.9%,163904,-8689,-2232
941,"Alternative (8, 44, 10)",8,Dis,Ena,Dis,Dis,Ena,0,169,63.9%,181062,-8774,-2254
942,"Alternative (8, 44, 10)",8,Dis,Dis,Dis,Ena,Dis,0,169,62.7%,185009,-8805,-2268
943,"Alternative (8, 44, 10)",8,Ena,Dis,Dis,Ena,Dis,0,169,62.7%,185009,-8805,-2268
944,"Alternative (8, 44, 10)",8,Ena,Dis,Dis,Dis,Ena,150,169,61.5%,166587,-8862,-2276
945,"Alternative (8, 44, 10)",16,Dis,Ena,Dis,Dis,Dis,200,169,55.0%,154137,-8913,-2293
946,"Alternative (8, 44, 10)",8,Ena,Dis,Dis,Dis,Dis,0,169,63.9%,181433,-8960,-2305
947,"Alternative (8, 44, 10)",16,Dis,Dis,Dis,Dis,Dis,200,169,55.0%,156348,-8992,-2314
948,"Alternative (8, 44, 10)",16,Dis,Dis,Dis,Ena,Dis,0,169,55.0%,168075,-9030,-2324
949,"Alternative (8, 44, 10)",16,Ena,Dis,Dis,Ena,Dis,0,169,55.0%,168075,-9030,-2324
950,"Alternative (8, 44, 10)",8,Dis,Dis,Dis,Dis,Ena,200,169,63.3%,177136,-9115,-2344
951,"Alternative (8, 44, 10)",8,Dis,Ena,Dis,Dis,Ena,200,169,63.3%,175805,-9136,-2345
952,"Alternative (8, 44, 10)",8,Ena,Ena,Dis,Ena,Dis,0,169,62.1%,183650,-9194,-2364
953,"Alternative (8, 44, 10)",8,Dis,Ena,Dis,Ena,Dis,0,169,62.1%,183650,-9194,-2364
954,"Alternative (8, 44, 10)",8,Ena,Ena,Dis,Dis,Ena,200,169,63.3%,176787,-9441,-2419
955,"Alternative (8, 44, 10)",8,Ena,Dis,Dis,Dis,Ena,0,169,64.5%,186047,-9510,-2438
956,"Alternative (8, 44, 10)",8,Dis,Dis,Dis,Dis,Ena,150,169,60.9%,161226,-9552,-2454
957,"Alternative (8, 44, 10)",8,Dis,Ena,Dis,Dis,Ena,150,169,60.9%,159410,-9598,-2462
958,"Alternative (8, 44, 10)",8,Ena,Dis,Dis,Dis,Ena,200,169,63.9%,180346,-9779,-2505
959,"Alternative (8, 44, 10)",8,Ena,Ena,Dis,Dis,Ena,0,169,63.9%,184168,-9952,-2546
960,"Alternative (8, 44, 10)",8,Ena,Ena,Dis,Dis,Dis,0,169,63.3%,178173,-10118,-2589
